network_code,receiver_code,receiver_type,receiver_latitude,receiver_longitude,receiver_elevation_m,p_arrival_sample,p_status,p_weight,p_travel_sec,s_arrival_sample,s_status,s_weight,source_id,source_origin_time,source_origin_uncertainty_sec,source_latitude,source_longitude,source_error_sec,source_gap_deg,source_horizontal_uncertainty_km,source_depth_km,source_depth_uncertainty_km,source_magnitude,source_magnitude_type,source_magnitude_author,source_mechanism_strike_dip_rake,source_distance_deg,source_distance_km,back_azimuth_deg,coda_end_sample,trace_start_time,trace_category,trace_name,snr_E,snr_N,snr_Z,snr_mean,rms_E,peak_E,crest_factor_E,kurtosis_E,skewness_E,zcr_E,energy_ratio_early_late_E,spectral_centroid_E,spectral_bandwidth_E,dominant_freq_E,spectral_entropy_E,band_0.5_5Hz_E,band_5_10Hz_E,band_10_20Hz_E,band_20_50Hz_E,rms_N,peak_N,crest_factor_N,kurtosis_N,skewness_N,zcr_N,energy_ratio_early_late_N,spectral_centroid_N,spectral_bandwidth_N,dominant_freq_N,spectral_entropy_N,band_0.5_5Hz_N,band_5_10Hz_N,band_10_20Hz_N,band_20_50Hz_N,rms_Z,peak_Z,crest_factor_Z,kurtosis_Z,skewness_Z,zcr_Z,energy_ratio_early_late_Z,spectral_centroid_Z,spectral_bandwidth_Z,dominant_freq_Z,spectral_entropy_Z,band_0.5_5Hz_Z,band_5_10Hz_Z,band_10_20Hz_Z,band_20_50Hz_Z,zh_ratio,corr_EN,corr_EZ,corr_NZ,chunk
TA,109C,BH,32.8889,-117.1051,150.0,700.0,manual,0.5,17.079999923706055,1894.0,manual,0.5,8556349,2006-07-23 15:58:50.88,0.47,33.7496,-117.4938,1.1119,107.466,4.6403,0.45,,3.6,ml,,,0.92,102.09,159.3,2896.0,2006-07-23 15:59:00.960000,earthquake_local,109C.TA_20060723155859_EV,56.79999923706055,55.400001525878906,47.400001525878906,53.20000076293945,5616.787042449956,52574.31640625,9.360211809511275,21.1887761901779,0.2533713287890546,0.0928488081346891,11.802716597361677,4.512222901775332,1.3755046656274306,4.95,7.63615373992648,0.6729375894596494,0.3205165509887392,0.0065337749493976,2.3322781533646302e-14,5155.692186547874,37037.93359375,7.183891561716701,13.415655400477586,0.2859921099441733,0.0913485580930155,6.781698331064626,4.31456204570348,1.3509910675124974,5.0,7.499556402378777,0.7448372728444642,0.2473971832360212,0.0077531725717366,2.295601605412692e-13,2215.6406627120896,17666.47265625,7.97352790710434,8.803944668041824,0.3368460679073702,0.1001833638939823,24.662786422617355,5.197444533673304,2.2659693703935995,3.0666666666666664,8.526551057615649,0.4581398070262983,0.5194029097962816,0.0223976322808181,5.616863939422252e-14,0.29060373,0.2129474714969996,-0.0602301793437152,0.0756404118974204,2
TA,109C,BH,32.8889,-117.1051,150.0,600.0,manual,0.5,16.8799991607666,1763.0,manual,0.5,8860238,2006-11-03 15:56:42.73,0.24,32.7077,-116.0446,0.899,37.593,2.9542,9.2,,4.3,mb,,,0.91,101.34,281.7,5508.0,2006-11-03 15:56:53.610000,earthquake_local,109C.TA_20061103155652_EV,65.0,65.5,61.400001525878906,63.96666717529297,33165.273592393765,326731.96875,9.85162892866754,20.93955088761396,0.4123950461782616,0.073512252042007,51.223884038951496,4.00508179819684,1.3692987082897607,4.35,7.677778774803771,0.8489611150946521,0.1480020981938927,0.0029659617134539,7.284362693278956e-07,42576.33598568776,594716.875,13.968249292280976,42.91167897515366,1.3166503156521805,0.0725120853475579,88.64960518294637,3.5515983878918487,1.2798191078258807,3.8333333333333335,7.7737496478995025,0.8797252687268348,0.118394935645153,0.0017470619005836,2.7901680111554504e-07,21390.29231337388,242214.953125,11.323592477207976,27.088215834432724,0.8484523576530811,0.0693448908151358,54.71804683561675,3.743077235420058,1.9813437880322724,2.716666666666667,7.960894140819356,0.7801277559404011,0.2132806359389707,0.0064822591978615,4.386983700541547e-09,0.39634222,0.1007048519381988,-0.077072530571051,-0.0682524707075009,2
TA,109C,BH,32.8889,-117.1051,150.0,500.0,manual,0.5,17.260000228881836,1678.0,manual,0.5,8940123,2006-11-03 16:12:12.44,0.27,32.7253,-116.0348,0.8127,48.096,3.0397,12.66,,3.6,ml,,,0.92,101.87,280.5,3114.0,2006-11-03 16:12:24.700000,earthquake_local,109C.TA_20061103161223_EV,37.20000076293945,42.0,38.59999847412109,39.26666641235352,2505.1212441131306,18506.67578125,7.387536960432341,9.381669453373473,-0.4591648380194191,0.0863477246207701,15.946294128387756,4.281753536680566,1.9297198348958493,4.883333333333333,8.096768376208077,0.6786694664477614,0.3027456859645424,0.0185256280344686,4.817998411731303e-14,3031.89957787157,35295.67578125,11.641439590828398,26.689289099359545,0.0393775926234934,0.0858476412735455,35.26483800558839,3.933543481903506,1.749087934997055,4.466666666666667,7.872638226175625,0.8147010039900353,0.17202089232189,0.0132193459767147,1.785952041114054e-14,1652.3824016935396,12723.4345703125,7.700054513575158,11.348455166254816,0.3139272701853892,0.1011835305884314,41.577789515441424,5.084657814352759,2.764536453081852,3.0,8.530242832531588,0.5502614753251679,0.4100208150615432,0.0396228144751766,9.984871546101533e-13,0.4201388,0.097990332034163,-0.0567110449913417,-0.1363060572687948,2
TA,109C,BH,32.8889,-117.1051,150.0,900.0,manual,0.5,17.280000686645508,2086.0,manual,0.5,9443190,2006-11-14 13:32:14.26,0.25,32.7063,-116.0241,0.9173,43.783,2.6112,11.5,,3.8,ml,,,0.93,103.26,281.6,3152.0,2006-11-14 13:32:22.540000,earthquake_local,109C.TA_20061114133221_EV,54.09999847412109,54.900001525878906,45.5,51.5,8665.80540463466,88596.4296875,10.223680956430975,18.61042301071864,-0.1795211845626928,0.0953492248708118,3.1877584286784035,4.452322983937525,1.275221628214737,4.333333333333333,7.575665578124487,0.7519026303241227,0.2454307034846419,0.0026597200354153,7.224148099717279e-14,8903.344055776257,88948.0078125,9.990404420549474,21.157287686409614,-0.3249828606134046,0.0938489748291381,3.1034740729476,4.322946852778146,1.4781253200870288,4.4,7.944753230034788,0.7568629030638859,0.2400632266892848,0.003063154720797,1.0753021405826304e-14,4679.885633756833,40904.40234375,8.740470503958344,12.69877251247892,-0.512537181087718,0.1108518086347724,19.052943053939543,5.211081719368089,2.151411541282945,6.216666666666667,8.334281989903548,0.4399750288283381,0.5529279498189682,0.0070765580429613,1.912173425228077e-13,0.37666893,0.0359010945539614,-0.0578085770560446,-0.1862167906544312,2
TA,109C,BH,32.8889,-117.1051,150.0,700.0,manual,0.5,18.020000457763672,1953.0,manual,0.5,9084303,2006-11-29 12:17:35.10,0.26,32.8312,-115.9603,0.7948,44.55,2.6052,9.73,,3.8,ml,,,0.96,107.34,273.7,2754.0,2006-11-29 12:17:46.120000,earthquake_local,109C.TA_20061129121745_EV,55.09999847412109,51.70000076293945,45.900001525878906,50.90000025431315,7651.295802301123,108036.4375,14.120018398387904,62.21012129614672,-0.7435065967738747,0.0730121686947824,14.208184796729638,3.3574835418809514,1.12319087055337,2.683333333333333,7.566273959949121,0.9595449730339364,0.0394114477525763,0.00075540023388,6.215666336989425e-15,5817.4340791892855,49451.359375,8.500544862536975,18.9145851176936,-0.0027173179648663,0.0781796966161026,3.17166922937217,3.279405276439265,1.5490922898305353,2.033333333333333,7.950677003092475,0.8689515124863854,0.1281794677213725,0.0024055729486469,4.611669156895565e-14,3002.530222825309,31629.126953125,10.534157728931284,14.934499546758468,-0.7911673672547668,0.0836806134355725,14.167290488989764,3.7292189967890415,2.125064499103563,3.1166666666666667,8.116138754249127,0.7929330095030981,0.1987481753108205,0.0061982949427278,4.934190123351677e-13,0.31238273,0.0155868838921301,0.0627897367507252,-0.1566872273665125,2
TA,109C,BH,32.8889,-117.1051,150.0,900.0,manual,0.5,17.8700008392334,2184.0,manual,0.5,9084320,2006-11-29 21:10:55.02,0.3,32.8297,-115.9531,0.9905,45.342,2.948,2.1,,4.1,ml,,,0.97,108.03,273.8,3199.0,2006-11-29 21:11:03.890000,earthquake_local,109C.TA_20061129211102_EV,55.0,56.09999847412109,43.20000076293945,51.43333307902018,13439.40859542086,169214.546875,12.59092211339237,38.78125716798348,-0.5350372546206227,0.0640106684447407,0.8164409450384968,3.2089112738822783,1.0906799204072,2.6,7.444701978015637,0.9539215727669308,0.04532133505394,7.010949344725947e-05,6.167255900569188e-14,12521.06050229674,112241.8203125,8.964242309340447,17.473127937701715,-0.082403702575787,0.0650108351391898,0.53810003128337,3.2195878041052737,1.402801367688157,4.383333333333333,7.7337197614586515,0.9514687802854552,0.0472700629678732,6.696760796114628e-05,3.6580165230777063e-14,5404.377818002774,42791.95703125,7.918017294924075,8.958729139403669,-0.6002679897733854,0.081013502250375,2.9708897038136755,3.0873876917182206,1.5180702610123114,2.7,7.637297815171603,0.892059753715158,0.1035842173112331,0.0006875604422736,4.331659945483524e-14,0.29422298,-0.1740117377230744,0.0188715948647148,-0.1881297018679046,2
TA,109C,BH,32.8889,-117.1051,150.0,800.0,manual,0.5,18.0,2038.0,manual,0.5,9443502,2006-11-29 21:12:52.12,0.37,32.8261,-115.9481,0.6943,103.739,4.0952,7.31,,3.6,ml,,,0.98,108.52,274.0,3199.0,2006-11-29 21:13:02.120000,earthquake_local,109C.TA_20061129211301_EV,33.099998474121094,33.400001525878906,25.700000762939453,30.733333587646484,3322.1474349825885,27388.40234375,8.244186292079341,15.438524543378795,0.3718923518436102,0.0598433072178696,2.0940643257529565,3.04473756272414,1.3392262786537408,2.433333333333333,7.703092057241177,0.9280468450201542,0.0695805390728038,0.0010542515929841,4.1210846847491554e-14,3177.5524897920423,27176.9921875,8.552806688420313,15.1773690201813,-0.3751264958986344,0.0625104184030671,1.0403070503703251,2.8253981504707184,1.564928251577033,1.85,7.8098947463747646,0.8962568511096493,0.1011907795598192,0.0012089748970402,2.104687334371798e-13,1578.4625449166674,9729.939453125,6.164187730940856,5.399131713702664,-0.1816175122074457,0.0811801966994499,4.393484589474944,3.193025845697109,2.003992925889224,2.95,7.867491107537643,0.8276333391948472,0.1588384960630396,0.0088464796766743,4.085445192441592e-11,0.34335905,-0.0222646635881587,-0.0070305014108207,-0.1314324839317891,2
TA,109C,BH,32.8889,-117.1051,150.0,800.0,manual,0.5,17.979999542236328,2062.0,manual,0.5,9443508,2006-11-29 22:15:38.65,0.27,32.8327,-115.9672,0.9011,44.847,2.4481,2.06,,3.9,ml,,,0.96,106.69,273.7,5252.0,2006-11-29 22:15:48.630000,earthquake_local,109C.TA_20061129221547_EV,49.0,48.0,39.20000076293945,45.40000025431315,9438.71485276116,91595.484375,9.704232599865549,21.263391361935145,0.3339496805572947,0.0681780296716119,1.312825551209034,3.171463358262701,1.0989764500635026,2.3666666666666667,7.349433987607612,0.9146943057964756,0.084373638012067,0.0001022246027156,1.485374829374377e-07,8598.535639215692,85872.734375,9.986902186385867,23.93611821942321,0.4499207895295078,0.0693448908151358,0.6086912520611607,3.061373511804202,1.2714613632735872,3.883333333333333,7.639364821010741,0.9432171638643768,0.055566446129144,0.0001212933168334,1.0585544443612245e-07,3615.793127924985,22761.27734375,6.294961171302446,6.547733436445842,0.0169478750463637,0.0658443073845641,2.261796744907592,2.9000032933248696,1.5837738620782134,1.6833333333333331,7.729163487424742,0.8828176814915621,0.1094421313664168,0.0007571727621318,1.1698937809404468e-06,0.28318977,0.0732458112788014,0.0560465756808722,-0.1186666509357083,2
TA,109C,BH,32.8889,-117.1051,150.0,600.0,manual,0.5,17.18000030517578,1777.0,manual,0.5,10382234,2007-01-09 14:01:55.05,0.29,32.7154,-116.0344,0.6401,48.945,3.3538,12.6,,3.1,ml,,,0.92,102.11,281.1,2964.0,2007-01-09 14:02:06.230000,earthquake_local,109C.TA_20070109140205_EV,41.79999923706055,40.59999847412109,33.29999923706055,38.56666564941406,1756.7230352741449,18273.169921875,10.4018502376064,20.56327245964553,-0.2048113261126309,0.0966827804634105,51.62526705136051,4.5125350603285685,1.1403911198631154,4.483333333333333,7.410021116797587,0.7672272139237353,0.2293787641005064,0.0033821944809799,8.429682394967995e-13,1823.579237079358,17893.720703125,9.812417436701876,20.206502698099328,-0.253453156196951,0.0990165027504584,58.3717026070083,4.638708644598362,1.403493235786359,4.65,7.823056821167909,0.6820889463931218,0.3157633164421299,0.0021348033057396,5.025968440513066e-13,924.5399674657838,8806.97265625,9.52578900443905,12.18398343766322,-0.2424407698859829,0.1143523920653442,62.167296674500456,5.496810733650581,2.0512686046147293,6.366666666666666,8.394081873212754,0.3910833663475193,0.5991336420345404,0.0097399611405803,2.737701116843743e-12,0.36512813,-0.0508979849216769,-0.066631997020045,-0.2262355050185794,2
TA,109C,BH,32.8889,-117.1051,150.0,500.0,manual,0.5,12.899999618530272,1416.0,manual,0.5,10388635,2007-01-17 16:07:47.08,0.46,32.9898,-116.303,0.6586,128.303,4.9956,8.72,,3.7,ml,,,0.68,75.84,261.7,2663.0,2007-01-17 16:07:54.980000,earthquake_local,109C.TA_20070117160753_EV,45.0,49.900001525878906,41.79999923706055,45.56666692097982,5015.148526906319,37471.20703125,7.471604645449008,7.380710454122825,-0.3518102435198532,0.0898483080513418,34.22070445038112,4.633530034246575,1.749296039971104,4.8,7.794476628549904,0.644390546457348,0.3460449517444247,0.0094051686248618,1.5911607862431373e-14,6084.212353015379,50552.40625,8.308783999780328,12.705166934390803,0.0098299545470027,0.0925154192365394,56.310857237649934,4.519567837026869,1.6053952726944372,4.416666666666667,7.914996530543007,0.6622899070568303,0.3321821434367343,0.0054413892402131,2.016874424778817e-14,3312.3308143077875,30464.853515625,9.197406667241829,14.496237265243476,0.0714551667909111,0.1063510585097516,54.44356414563551,5.772316970328454,2.3162931136444493,6.633333333333333,8.359142176280814,0.3110907384218291,0.6686006548214413,0.0199997002942031,9.707036099333932e-15,0.42009306,0.2175269081552023,-0.0534392067049867,-0.0124056357069577,2
TA,109C,BH,32.8889,-117.1051,150.0,900.0,manual,0.5,16.799999237060547,2041.0,manual,0.5,11499016,2007-02-09 03:33:42.80,0.24,33.2446,-116.1336,1.115,27.81,2.2574,8.38,,4.2,ml,,,0.89,98.93,246.8,2866.0,2007-02-09 03:33:50.600000,earthquake_local,109C.TA_20070209033349_EV,65.0,68.19999694824219,58.70000076293945,63.96666590372721,15495.874330134726,127316.125,8.216130454311259,12.490563189414653,-0.1675168344343077,0.0880146691115185,5.267022246349111,3.955805630950473,1.7347617940843458,6.133333333333333,8.123818294101705,0.7051880300385867,0.2905489668043568,0.00422710042758,8.702789001820714e-15,20725.860069861013,211553.890625,10.207243024507145,30.314577980987707,-0.6660644332400414,0.0900150025004167,3.26037441779395,3.918551695251757,1.644096227081568,2.1666666666666665,7.990458067161492,0.7246029539956138,0.2703492456322871,0.0050125361716463,2.997436217067316e-14,9982.24660056105,88980.1171875,8.913836809290896,14.855268402539837,-0.8004201848784741,0.100516752792132,18.41486965009548,4.730467929770141,2.2545950971077504,2.6666666666666665,8.326226895748661,0.5177534803077859,0.4727210999451136,0.0094778347907877,2.4152393645689872e-14,0.385739,-0.0214184934148098,-0.0285665549648956,0.244150696739192,2
TA,109C,BH,32.8889,-117.1051,150.0,400.0,manual,0.5,17.93000030517578,1642.0,manual,0.5,11510554,2007-02-26 18:18:20.12,0.35,32.6571,-116.0002,0.9153,61.622,3.9212,8.77,0.77,2.9,ml,,,0.96,106.66,284.2,2951.0,2007-02-26 18:18:34.050000,earthquake_local,109C.TA_20070226181833_EV,28.100000381469727,24.89999961853028,27.600000381469727,26.86666679382324,525.2668657980489,4600.001953125,8.75745692836749,15.495181432580566,-0.0286501529956267,0.0948491415235872,32.161495763638044,4.552518646448725,1.460660758851506,4.483333333333333,7.715709276374352,0.7465473733706158,0.2476295133634669,0.0055332448057446,1.9551383361670176e-11,641.6827335363828,8231.798828125,12.828456179206611,40.06708913219752,-1.247813600156106,0.0971828638106351,36.366682459997314,4.424464049316751,1.252010781719885,3.9166666666666665,7.616765002194318,0.745053368516981,0.2513333542129677,0.0033993967820397,2.567449137384404e-12,351.28963710655336,3393.0009765625,9.658699312935704,12.432783903023992,0.3734018729806212,0.1085180863477246,32.81052033303184,5.412038681311273,2.2346593857670296,6.283333333333333,8.350910092897513,0.4001505027628061,0.583193370955058,0.0152003565575862,3.6132352405891073e-11,0.42362133,-0.1057028806707384,-0.0247880889973818,-0.1405423713389311,2
TA,109C,BH,32.8889,-117.1051,150.0,900.0,manual,0.5,18.40999984741211,2198.0,manual,0.5,11688454,2007-03-01 14:37:44.22,0.29,33.2297,-116.0053,0.6974,43.866,2.5153,6.41,,3.3,ml,,,0.98,109.44,250.1,3022.0,2007-03-01 14:37:53.630000,earthquake_local,109C.TA_20070301143752_EV,43.900001525878906,42.09999847412109,35.70000076293945,40.56666692097982,2609.8777841385,28875.150390625,11.0637940849619,30.949296499555217,-0.0666788409324812,0.0903483913985664,4.050666739877825,4.527855220464501,1.1753326246060658,5.216666666666667,7.487032920064258,0.6705639631070363,0.3272556730819165,0.0021452030248864,3.499541831359281e-14,2541.655091354458,23751.1328125,9.344750549864312,19.80241607362384,-0.0898336186618508,0.0915152525420903,3.235687591922097,4.439897495287889,1.3229683682639055,4.066666666666666,7.507956782849833,0.7056716314311787,0.2903403432811016,0.0039516711514956,8.00521617101408e-13,1316.1533291194053,10724.220703125,8.148154524139084,12.423896442675778,0.1246019926377678,0.1041840306717786,20.24382268884777,5.480073022607693,2.138455519252888,6.65,8.258289691321462,0.4235268484101332,0.5690287053535099,0.0072620405254486,6.8869813580466666e-12,0.3612825,0.1796022076024163,0.0009121412914748,0.1104783362234061,2
TA,109C,BH,32.8889,-117.1051,150.0,400.0,manual,0.5,16.31999969482422,1523.0,manual,0.5,11691332,2007-03-06 03:33:29.07,1.02,32.067,-117.4297,0.9094,208.944,8.4779,9.28,,2.8,ml,,,0.86,96.12,18.4,2580.0,2007-03-06 03:33:41.390000,earthquake_local,109C.TA_20070306033340_EV,47.20000076293945,46.09999847412109,38.59999847412109,43.96666590372721,1149.2386298026322,14831.74609375,12.905714887339954,49.40906980487311,0.662822903429331,0.0900150025004167,256.6054958773797,4.301040152384648,1.241851739246436,5.0,7.607450822848243,0.6942611933234688,0.3045946209299828,0.0011215869174603,9.59277302301679e-13,1165.3834379177188,14230.7001953125,12.21117422154171,42.59959784809211,-0.9733356413346612,0.089681613602267,259.43084046820286,4.465411358411649,1.280839390214379,5.1,7.689509598201029,0.5530120262339877,0.4462563894514935,0.0007211305159992,1.8494291368260733e-14,507.031893806005,4462.43896484375,8.801101112884073,9.982464957409684,-0.2942946854199457,0.1018503083847307,138.9561026216509,4.961415355152048,2.056304032139859,3.2333333333333334,8.373981077190152,0.5186392128626875,0.4737773736939626,0.007471663598291,1.315169332392681e-13,0.30978447,-0.2522072676272452,-0.0689086485508739,-0.1352618640772615,2
TA,109C,BH,32.8889,-117.1051,150.0,900.0,manual,0.5,17.15999984741211,2092.0,autopicker,0.5,11926498,2007-04-15 22:57:25.78,0.25,32.7322,-116.0594,1.0571,36.929,2.6497,6.61,,4.3,ml,,,0.89,99.46,280.3,5848.0,2007-04-15 22:57:33.940000,earthquake_local,109C.TA_20070415225732_EV,60.09999847412109,64.80000305175781,53.400001525878906,59.43333435058594,21034.493422574687,239263.140625,11.37479927936926,30.42766650112684,-0.3283218115070625,0.0646774462410401,1.3732186362707892,3.427340421752316,1.3791566716806762,2.3,7.712064140805106,0.8974293696580822,0.0998156718828632,0.0027141173456466,5.002769285417525e-07,26579.69832742141,276932.59375,10.418951725433905,26.03614289630084,-0.2539163436146979,0.0705117519586597,1.2175520087474785,3.2431421586366405,1.5955487787915907,1.9,7.690693417264803,0.8134591286801566,0.1851023298846484,0.0011938742306138,4.772672256547465e-07,10764.593014041784,86034.3125,7.992342338235478,13.058334121212894,-0.2070685085451161,0.0725120853475579,4.761645694813789,3.77972907391823,2.19213006991153,2.783333333333333,8.144068427240407,0.7468305839994972,0.2466370021104356,0.0063430467166995,1.7923127360031611e-06,0.31757826,0.2925931437507134,-0.0049631593311345,0.0063616301346386,2
TA,109C,BH,32.8889,-117.1051,150.0,800.0,manual,0.5,16.90999984741211,1987.0,manual,0.5,11926636,2007-04-16 03:45:23.96,0.32,32.7098,-116.0362,0.9791,48.054,3.5849,12.66,,2.7,ml,,,0.92,102.07,281.5,3022.0,2007-04-16 03:45:32.870000,earthquake_local,109C.TA_20070416034531_EV,34.20000076293945,31.39999961853028,33.099998474121094,32.89999961853027,503.0859330929146,6724.28857421875,13.366083469833066,40.08976572787834,0.8450776481974789,0.0991831971995332,30.296582424965635,4.802701666891966,1.9122022403400425,4.533333333333333,8.06615105132475,0.7239414215391099,0.2474256684963959,0.027923693842602,1.6105872584900845e-13,586.7724305246189,10124.7685546875,17.2550174956843,104.60492453693485,1.1126306549261813,0.1040173362227037,11.848062483230231,5.165246478077356,1.4592001044064378,4.783333333333333,7.830175697779017,0.5191720827142715,0.4610860390091609,0.019404168892349,2.504097531406345e-12,301.4689138632012,2964.3994140625,9.833184377370555,16.998606198488186,0.0409590577522674,0.1295215869311552,39.04194648573917,6.765534399987209,2.555044095535204,8.416666666666666,8.655471663366395,0.2725764989383454,0.6317919045225489,0.0933243024819155,1.2583302749966868e-10,0.39004153,-0.2660148816679508,0.1124215359876201,-0.1852367720000359,2
TA,109C,BH,32.8889,-117.1051,150.0,900.0,manual,0.5,17.110000610351562,2079.0,manual,0.5,11928303,2007-04-18 09:33:37.06,0.3,32.6944,-116.0417,0.7328,38.102,3.1774,13.3,,2.8,ml,,,0.92,101.92,282.5,3166.0,2007-04-18 09:33:45.170000,earthquake_local,109C.TA_20070418093344_EV,38.400001525878906,37.0,37.5,37.63333384195963,679.472026019553,7441.935546875,10.952526758858568,17.958003411525763,0.3566752708092008,0.0988498083013835,8.64802222291675,5.047509380593271,1.7406084986518666,4.75,7.926564371055281,0.55723885988306,0.4215534079678038,0.0211442422071616,6.388712570259608e-13,695.6584581092667,7204.00634765625,10.355665576518758,18.42577243388328,-0.2239810029529657,0.103683947324554,7.433422539712321,5.052564501689128,1.7932698453771438,4.8,8.010536445721419,0.5915171106491849,0.3918515123626477,0.0165763051327019,1.8320640615345214e-13,448.2566473094325,4929.041015625,10.99602436508314,20.571334246286405,-0.0465544759029262,0.127521253542257,29.78415901154111,6.527912641223844,2.3295359365001547,8.716666666666667,8.511128317893801,0.2676367754194362,0.6919016049181504,0.0403040257327534,2.526300317733352e-11,0.4609648,-0.0357698248529429,0.0258694467516011,0.0165760214353852,2
TA,109C,BH,32.8889,-117.1051,150.0,700.0,manual,0.5,13.350000381469728,1618.0,manual,0.5,11928726,2007-04-18 22:23:11.33,0.34,33.4264,-116.5825,0.9568,53.76,3.0473,9.18,,3.5,ml,,,0.69,77.01,219.4,2386.0,2007-04-18 22:23:17.680000,earthquake_local,109C.TA_20070418222316_EV,53.79999923706055,52.0,45.5,50.43333307902018,6322.407657080612,71090.4765625,11.244209550911211,36.82673501909657,-0.5656367674433187,0.0906817802967161,123.55882256049036,4.353838678610065,1.1470232717940505,4.616666666666666,7.363118380173263,0.8797801258190561,0.1181617687529731,0.0020387509604923,2.8857277995323934e-13,6043.332507733615,73786.953125,12.209646421171646,34.6237934299246,1.3552710991941588,0.0958493082180363,96.69114662733836,4.7061472039883,1.3932351870627857,4.55,7.870283897446819,0.5942215947968175,0.4043459108750238,0.001416129191396,1.6146079357483741e-12,2912.7158180589413,26393.99609375,9.061644781858323,17.537290850661062,0.5313120850457468,0.1130188364727454,86.66906046638861,5.010306846426479,2.174230084114473,3.716666666666667,8.341903889545419,0.5269573725779287,0.4663431719114063,0.0066714251302203,8.13064059161678e-13,0.33302924,-0.2097732815191549,-0.2621948339357369,0.1981981216785536,2
TA,109C,BH,32.8889,-117.1051,150.0,700.0,manual,0.5,17.350000381469727,1858.0,manual,0.5,11929132,2007-04-19 11:33:30.94,0.34,32.732,-116.0314,1.1683,99.396,3.2296,2.03,,2.9,ml,,,0.92,102.05,280.1,3100.0,2007-04-19 11:33:41.290000,earthquake_local,109C.TA_20070419113340_EV,32.29999923706055,32.599998474121094,28.200000762939453,31.03333282470703,748.6255655180764,6477.533203125,8.652567453587173,12.58234006245301,0.4229114229242735,0.094015669278213,31.99529980233793,4.827564679624113,1.5365998733042807,5.483333333333333,7.841574750418444,0.545419492396687,0.4446309716250928,0.0097827689704683,1.0526112354505696e-12,955.962649044687,9585.9130859375,10.027497513126583,21.21434417262588,-0.1371689890533747,0.0968494749124854,48.42761460761614,4.867752640870208,1.3108238654496858,4.666666666666667,7.536606919621909,0.6193196999845748,0.3716339444934372,0.0089731091354293,1.778308588408379e-12,588.9877711625451,8379.869140625,14.227577465801708,44.4620691661314,-0.3734978913536262,0.1146857809634939,82.96518683691885,5.766855444462526,1.9241813023133856,6.416666666666667,8.147807902629225,0.3267621190411943,0.6574482768485592,0.0155327760597243,2.6694136739452887e-11,0.48507923,0.0081647550488199,0.1277810813300666,-0.0359774715866547,2
TA,109C,BH,32.8889,-117.1051,150.0,900.0,manual,0.5,16.989999771118164,2074.0,manual,0.5,11929148,2007-04-19 12:01:22.98,0.29,32.7084,-116.0541,1.0655,54.707,3.2223,10.1,,2.9,ml,,,0.9,100.46,281.8,3100.0,2007-04-19 12:01:30.970000,earthquake_local,109C.TA_20070419120129_EV,27.0,30.799999237060547,22.39999961853028,26.73333295186361,639.3509706782668,5346.46826171875,8.362336974395854,11.497530405389336,-0.0507021973313641,0.0958493082180363,12.652153270177118,4.755437218372202,1.481265501755804,5.1,7.760337124830474,0.5802897398546158,0.4117200746654788,0.0077139739747066,2.9508654841410657e-12,730.8715583918873,7627.71435546875,10.436463517956232,17.84429618311616,-0.409226173694277,0.0965160860143357,7.192405210207918,4.81938900498345,1.4257653833443973,4.683333333333334,7.781349865762738,0.6041481425674697,0.3889771374691511,0.0067552700318206,5.8626664914669535e-12,487.7178879077102,7435.11376953125,15.244701811999525,57.688059341429344,-0.4919649323107782,0.1146857809634939,36.93517156651221,5.5870697098190645,1.8232016536566789,6.416666666666667,8.153938089337627,0.3496089571400204,0.6379112445509033,0.0117878830586847,1.0623413648425362e-12,0.502257,0.0114704409430002,0.0773332370132402,-0.031254732771956,2
TA,109C,BH,32.8889,-117.1051,150.0,800.0,manual,0.5,17.0,1973.0,manual,0.5,12662876,2007-05-25 11:35:28.77,0.27,32.6901,-116.0309,0.9893,49.819,2.7369,11.84,,3.3,ml,,,0.93,103.01,282.6,2705.0,2007-05-25 11:35:37.770000,earthquake_local,109C.TA_20070525113536_EV,52.900001525878906,55.900001525878906,46.900001525878906,51.900001525878906,4590.639393034165,52906.84765625,11.52494089092052,28.760162090307325,0.639647736542653,0.0928488081346891,42.962341496740734,4.458822685798338,1.398500320982231,4.416666666666667,7.738857358624455,0.6957691363658504,0.3022584090273618,0.0019708548604955,2.5605054661998025e-15,6822.984634606269,100797.90625,14.77328642054266,67.12237124568168,-1.083888285094288,0.094015669278213,61.21615574956304,4.559681531542052,1.0716381530840735,4.816666666666666,7.514901123326376,0.7123704314127928,0.2867196728022875,0.0009063880822275,9.5464145029097e-15,2475.473293269976,33307.0859375,13.454835496731622,34.05234437702182,-1.5137985783308674,0.1111851975329221,35.92645798648837,5.016117850408019,1.9840504241497603,3.2,8.11324172195756,0.5209882426777237,0.4750622806452483,0.0039448463146336,3.9287275067328946e-15,0.30102175,-0.0942544569069684,0.0636764059520183,-0.0327712874086337,2
TA,109C,BH,32.8889,-117.1051,150.0,900.0,manual,0.5,17.049999237060547,2072.0,manual,0.5,12662884,2007-05-25 11:47:59.60,0.29,32.7008,-116.0355,0.9494,47.934,3.0123,13.47,,3.0,ml,,,0.92,102.34,282.0,2960.0,2007-05-25 11:48:07.650000,earthquake_local,109C.TA_20070525114806_EV,37.900001525878906,42.59999847412109,37.900001525878906,39.46666717529297,1315.520947044082,15361.8359375,11.677378434769414,28.700092421307527,0.0470003634457354,0.0971828638106351,9.965352399170513,4.802104884449581,1.6984406616519752,4.583333333333333,7.9054143425351295,0.6555679659886255,0.3350510761002991,0.0093767333372304,9.511594287129186e-15,1630.435013408825,21935.134765625,13.453547418467304,54.872839654735074,-1.2149775631351305,0.0973495582597099,6.399326291468135,4.709181881040229,1.3664271344164811,4.816666666666666,7.775967675165444,0.7060812023049584,0.285975872409356,0.0079345755395574,4.074523607139383e-14,831.8968354771877,8240.1298828125,9.905230470177044,23.44315052154616,-0.2024294770312624,0.118853142190365,36.54221835265414,5.853835961619611,2.300778913868249,3.183333333333333,8.33860932824607,0.390868645508058,0.5938857447853909,0.0152333226859978,1.91382624095314e-13,0.3970918,-0.0672931737483409,0.0786640178291886,0.034052226706846,2
TA,109C,BH,32.8889,-117.1051,150.0,600.0,manual,0.58,12.9399995803833,1515.0,manual,0.62,ci14296868,2007-06-08 06:13:05.900000,,33.4551667,-116.5946667,0.24,48.0,0.24,11.31,0.45,1.57,ml,CI,,0.7087,78.81,37.2,2185.0,2007-06-08 06:13:12.840000,earthquake_local,109C.TA_20070608061311_EV,20.200000762939453,21.39999961853028,18.600000381469727,20.066666920979817,70.45058430339304,773.87548828125,10.98465677656528,23.88726176981787,0.3289332380208549,0.0996832805467577,4.645857680700481,5.01844581058834,1.786175094173381,4.7,8.05891209488465,0.6025328711130532,0.3743191588192613,0.0190938125510257,1.9368102971344079e-10,76.763173037804,1001.3343505859376,13.04446274117414,34.5423925427209,-0.3606667182147203,0.0991831971995332,6.296944602322646,5.039838456780368,1.8148982727402072,4.416666666666667,7.989231298338368,0.5525410713002356,0.416001145052699,0.025120253536814,3.644784860090778e-11,58.75243091354073,716.0125732421875,12.1869437929447,29.931638819279904,-0.1967116997673233,0.1118519753292215,3.349654429013792,6.236923245876464,2.370320287905228,3.25,8.399222186934896,0.302379740358669,0.6627505562870895,0.0202271258320493,5.364830440409871e-10,0.56388885,-0.1831911348608226,0.0571218160386744,-0.0158964255867277,2
TA,109C,BH,32.8889,-117.1051,150.0,700.0,manual,0.6,9.470000267028809,1337.0,manual,0.6,ci14297160,2007-06-09 21:29:26.450000,,32.5163333,-116.735,0.14,226.0,0.54,3.25,0.42,1.35,ml,CI,,0.4852,53.96,140.2,3199.0,2007-06-09 21:29:28.920000,earthquake_local,109C.TA_20070609212927_EV,11.0,11.399999618530272,6.699999809265137,9.699999809265137,54.79361057301189,320.53765869140625,5.84990942081273,4.8167773375038765,0.1315015563058978,0.0931821970328388,3.34017351957075,4.623095850715725,1.885864653177912,5.466666666666667,8.009917719154418,0.4744339025468942,0.5068190376642846,0.0118113115315377,1.9084889344962545e-11,53.069426569746376,381.3343200683594,7.185574533525279,6.892467543278551,0.0192162285806376,0.0933488914819136,2.682962393942507,4.662538007384097,1.809858128426188,5.55,8.02339040432582,0.4900259663455071,0.4951933121129074,0.0094015577374364,3.301833157247923e-13,47.38390170073957,596.7709350585938,12.594381501709035,35.11002368653618,0.3522490681428524,0.1055175862643773,5.125679024348084,5.379837306943784,2.234673026120217,5.533333333333333,8.465646862495092,0.3485980610319983,0.621759220967031,0.0182107928366432,1.6212304502663938e-12,0.62118036,-0.0547696062719487,0.0242636393338814,-0.1060495692205225,2
TA,109C,BH,32.8889,-117.1051,150.0,800.0,manual,0.53,17.3700008392334,2060.0,manual,0.53,ci14297236,2007-06-10 11:46:52.900000,,33.2435,-116.0363333,0.3,25.0,0.28,6.02,1.38,2.17,ml,CI,,0.9646,107.27,68.7,3100.0,2007-06-10 11:47:02.270000,earthquake_local,109C.TA_20070610114701_EV,25.299999237060547,31.0,25.39999961853028,27.23333295186361,150.63504230128268,1253.1507568359375,8.319118431483766,14.206672298565898,0.0548265324424139,0.096182697116186,12.602955846613256,4.915294733298199,1.5496030944443069,5.083333333333333,7.974388251568174,0.5508716712651548,0.4401622146163145,0.0084013202765561,6.2582454215980724e-12,185.11645118072795,1669.6728515625,9.019581138860584,17.48567052530667,-0.0892011562499374,0.0990165027504584,9.923383366190704,5.08409938185809,1.3614721605718003,5.6,7.6941217965098,0.4399819430277655,0.5553271585041744,0.0044491460452191,6.235882165890607e-13,142.72693421105444,1941.5887451171875,13.603520287531042,39.30454597794936,0.1051874426302397,0.1163527254542423,60.43223404244024,5.890019679048207,1.8631631774906208,6.7,8.052348471922553,0.3115886705426209,0.6799262126992409,0.0078548086379118,2.098016769343917e-11,0.59803236,-0.0779108869590904,0.0227833801925832,0.1609381272212465,2
TA,109C,BH,32.8889,-117.1051,150.0,700.0,manual,0.53,17.6200008392334,1947.0,manual,0.53,ci14297248,2007-06-10 11:51:13.450000,,33.2425,-116.0395,0.39,40.0,0.4,3.54,1.13,1.67,ml,CI,,0.9618,106.96,68.7,3100.0,2007-06-10 11:51:24.070000,earthquake_local,109C.TA_20070610115123_EV,17.799999237060547,20.799999237060547,21.299999237060547,19.96666590372721,48.09339589714632,332.0974426269531,6.905260824941218,7.82408826602612,0.0188986044441051,0.0960160026671111,4.703754274893719,5.024907273398245,1.9008632833919337,5.166666666666667,8.237704876696569,0.5048748476410801,0.4750518257402023,0.0165081590800789,2.331101306825484e-11,58.47032995589988,506.09478759765625,8.655582891004181,15.694854010796298,-0.0411734715077497,0.1001833638939823,7.6142755821919055,5.08057829018332,1.6421803876779846,5.6,8.001119202445192,0.4515639746589393,0.5337430038582331,0.0117526133970663,7.524987325201409e-11,48.395706397417655,597.3890380859375,12.34384375300313,27.809022545545403,0.2456055819725899,0.1138523087181196,15.565866238768058,6.014497245239675,2.038427102726072,6.7,8.147266858514206,0.2927970853888416,0.6845272906453012,0.0162715980512828,7.463683644603968e-11,0.63923866,-0.0237166479649602,0.0606022810137946,0.129991866765731,2
TA,109C,BH,32.8889,-117.1051,150.0,800.0,manual,0.53,16.969999313354492,1925.0,manual,0.58,ci14297312,2007-06-10 23:42:34.900000,,32.699,-116.0515,0.33,112.0,0.4,8.44,1.13,1.85,ml,CI,,0.9074,100.91,102.4,2829.0,2007-06-10 23:42:43.870000,earthquake_local,109C.TA_20070610234242_EV,15.399999618530272,20.100000381469727,17.399999618530273,17.633333206176758,90.87192452919996,1061.1064453125,11.676944785862148,21.448870671312623,0.5080158829133569,0.0966827804634105,7.2561379761874685,4.900481318551801,2.055602540385646,4.4,8.102613332751405,0.6123088264898674,0.3553674130700869,0.0315384341996885,1.2416253353209566e-12,102.47213972878932,1097.3492431640625,10.708756995495476,21.244059746212216,-0.5926949288724226,0.0960160026671111,7.716642570732316,4.768072818315883,1.995265831418681,3.933333333333333,8.193799124645844,0.605825567597318,0.3673460566195322,0.0256953073995422,3.493758536024009e-12,67.15486367698493,768.5112915039062,11.443866451735314,23.605004730170425,-0.1108096558065004,0.1141856976162693,7.5965708954283615,6.024055697029804,2.544740628504207,5.85,8.509656525013325,0.3328630954958899,0.6181125575982308,0.0455225206324188,7.623982477165327e-12,0.490322,0.2106994424758351,-0.1040442933080313,-0.1464424088821556,2
TA,109C,BH,32.8889,-117.1051,150.0,800.0,manual,0.59,13.229999542236328,1738.0,manual,0.63,ci14297660,2007-06-12 10:08:52.360000,,33.241,-116.355,0.25,40.0,0.26,12.87,0.48,1.47,ml,CI,,0.7211,80.2,61.0,2468.0,2007-06-12 10:08:57.590000,earthquake_local,109C.TA_20070612100856_EV,15.899999618530272,19.299999237060547,10.0,15.06666628519694,60.132763626404966,729.0012817382812,12.123196037811384,17.578029807222297,0.6625840019239707,0.0866811135189198,3.6311725844365306,4.66161485624616,1.86514359351504,3.683333333333333,7.957690512850746,0.6774534413165332,0.3041579726230525,0.0144368413485276,1.3790038033296862e-12,58.78349279055618,824.0167846679688,14.017826188108891,52.16238907329412,-1.0366937089658594,0.0981830305050841,5.369322592994598,5.845220497819377,2.0442462118195035,3.6666666666666665,8.52053202844403,0.3562461109540219,0.6131410057134012,0.0273364559770818,6.739394071320845e-10,51.20139106794473,504.4822082519531,9.852900433554636,11.455915546086686,0.1217912320408739,0.0998499749958326,2.9524776068560805,5.634451340675271,2.3449893180138,3.216666666666667,8.10983022920549,0.4546743890035793,0.5148525609717547,0.019159013626798,2.251379859412859e-10,0.6088742,0.0414763531225132,-7.485592747142236e-06,0.1481078209463668,2
TA,109C,BH,32.8889,-117.1051,150.0,600.0,manual,0.5,18.190000534057617,1877.0,manual,0.5,12678959,2007-06-13 03:06:35.01,0.62,32.7329,-118.2282,1.0702,185.256,4.4413,6.77,,3.4,ml,,,0.96,106.59,80.4,3199.0,2007-06-13 03:06:47.200000,earthquake_local,109C.TA_20070613030646_EV,42.5,38.70000076293945,41.0,40.73333358764648,1228.6085277652537,7229.09228515625,5.883967205001762,5.069541089037015,-0.060380979557216,0.0890148358059676,3.3727187175436546,4.341025676186228,1.7414882399590532,5.25,7.96667744438533,0.6088275943560875,0.3823055093917186,0.0087958379350669,2.844301619248133e-12,1196.183416669622,6660.28369140625,5.5679451818096695,4.792049727758683,0.1495102663805476,0.0890148358059676,2.0951300448221426,4.551697685832943,1.7130850758725384,5.866666666666666,7.983152769706008,0.5924164006919528,0.3956255460003297,0.0118017754374584,4.556774082926616e-14,776.4963367855454,5359.02294921875,6.901543117902458,5.197980136039282,0.0457150196417125,0.102683780630105,9.021453918029373,4.9549593608584335,2.6926315503843457,2.85,8.62449190255683,0.5453439286350956,0.4145575896212511,0.0398796523355311,6.882761850375192e-12,0.45283616,0.0341590629907397,-0.0008870409544219,-0.0214919758003558,2
TA,109C,BH,32.8889,-117.1051,150.0,900.0,manual,0.52,17.469999313354492,2132.0,manual,0.52,ci10255269,2007-06-16 16:31:30.850000,,33.1518333,-116.0028333,0.28,51.0,0.29,13.19,0.75,2.18,ml,CI,,0.9625,107.04,74.4,3199.0,2007-06-16 16:31:39.320000,earthquake_local,109C.TA_20070616163138_EV,20.299999237060547,21.700000762939453,17.5,19.83333333333333,128.63292697382954,1221.4205322265625,9.49539562661947,17.290493550220916,-0.1643465138696336,0.105850975162527,2.458991940760978,5.215496049120912,1.8355279108581315,3.45,8.077588048725152,0.4644518360781599,0.5101898182890695,0.0250097690840406,4.057654838573495e-12,142.68835871916193,1393.6173095703125,9.766860605028183,18.75876343365261,0.5369487050417638,0.1000166694449074,1.9738867251741377,5.158397849958364,1.730340564704528,5.116666666666666,7.81848441337576,0.4002567972144613,0.5722769509316079,0.0272634674446339,4.8300466590223153e-11,94.48624983837072,809.72900390625,8.56980783226535,12.365717799058473,0.0028153423884906,0.1218536422737122,3.3003537859439165,6.23283789186676,1.9425113262860936,6.45,8.229841206902236,0.203720988590293,0.7661279489997602,0.028959874124919,6.721415961037449e-12,0.49183315,-0.1027300267042847,-0.0359486155418606,0.0898394512594267,2
TA,109C,BH,32.8889,-117.1051,150.0,800.0,manual,0.64,7.559999942779541,1367.0,manual,0.64,ci10255481,2007-06-17 20:31:08.710000,,32.7946667,-116.6596667,0.25,81.0,0.28,15.96,1.1,2.03,ml,CI,,0.3866,42.99,104.3,1860.0,2007-06-17 20:31:08.270000,earthquake_local,109C.TA_20070617203107_EV,32.400001525878906,35.599998474121094,34.5,34.166666666666664,372.2727875987159,10572.6845703125,28.40036909092888,271.7567985907332,-5.1190585716423405,0.109184864144024,202.3314589680444,7.922741302806906,3.065142367814429,6.016666666666667,9.04641320639508,0.2119008188316235,0.5120370111272898,0.2759652049840616,1.3749561816292781e-12,511.78669374418337,12247.9306640625,23.931709858374376,199.9880994600269,4.580190272364698,0.1116852808801466,395.3648780214636,7.013067503945914,2.960209993756261,4.683333333333334,8.843839970479927,0.2764831707544729,0.5722195139530941,0.1512619792301912,2.2684937713780819e-13,307.3154422505485,4196.70361328125,13.6560128008789,57.24885567819791,0.1272562877473862,0.1385230871811968,365.7786592776909,7.448448707052651,1.8548092996121832,8.116666666666667,8.197523979385931,0.0868462180997824,0.8538662235369492,0.0590826369469828,6.559966316102319e-13,0.4855973,-0.0645497865449803,0.3195795945132488,-0.1844310069778458,2
TA,109C,BH,32.8889,-117.1051,150.0,500.0,manual,0.57,15.789999961853027,1632.0,manual,0.57,ci10257241,2007-06-23 05:02:17.980000,,32.675,-116.098,0.26,89.0,0.5,8.38,1.04,1.41,ml,CI,,0.8748,97.28,104.5,3199.0,2007-06-23 05:02:28.770000,earthquake_local,109C.TA_20070623050227_EV,9.100000381469728,11.199999809265137,12.0,10.766666730244957,35.69684243289512,270.0893249511719,7.566196518891008,3.0158448547055263,0.1696102103510251,0.0986831138523087,2.9189584066246232,4.911211744117608,2.1865662000380435,2.7666666666666666,8.342040175111649,0.5401792411919358,0.4237466883019692,0.0254343270640721,3.692249559488192e-12,37.13245209921987,246.64584350585932,6.642325770644198,4.259440304814207,0.0373745753938922,0.1051841973662277,4.859882632692669,5.163716263164711,2.0160845011873523,5.0,8.324835404106981,0.4585365947524383,0.5150523222638661,0.0218710383785114,3.772208287567359e-09,35.73044218824066,497.3837890625,13.920448743458184,25.372540141246503,0.9504667989304172,0.1176862810468411,5.803593720945003,5.963431504729048,2.524928775423896,6.633333333333333,8.499253933312682,0.3137170345207484,0.6307248598739205,0.0415421326682289,1.0075244384922595e-10,0.693686,-0.0116950901152817,0.0568664648591159,-0.0007284103615727,2
TA,109C,BH,32.8889,-117.1051,150.0,700.0,manual,0.5,17.219999313354492,1875.0,manual,0.5,12690608,2007-06-28 19:54:58.81,0.34,32.7135,-116.0414,0.7497,48.37,4.1317,12.85,,2.6,ml,,,0.91,101.51,281.3,3147.0,2007-06-28 19:55:09.030000,earthquake_local,109C.TA_20070628195508_EV,20.89999961853028,22.600000381469727,18.89999961853028,20.799999872843426,292.3835689905307,2974.745361328125,10.17411946778879,17.977956108711517,-0.1609519657925268,0.1006834472412068,13.06762927560204,4.917705084992775,1.6533186833414466,4.566666666666666,7.691398625338991,0.6994937353482047,0.2799999874792682,0.0203280764787813,2.112672762563679e-12,267.9203021807796,2911.29443359375,10.866270341951727,20.93981651254765,-0.3665955770114653,0.1073512252042007,13.275599722300177,5.209905075909036,1.915772867357424,3.716666666666667,8.259815674003626,0.4468092340714737,0.5265365423546602,0.0264808545494526,6.531779730766963e-13,209.69088419144748,1989.2841796875,9.48674610895954,13.505621921820644,-0.0760470798219386,0.1178529754959159,17.57315653170514,6.451717265652083,2.266263698487952,7.366666666666666,8.437565170348698,0.2633612108263455,0.697579549528965,0.0385683412747647,3.460471687807362e-12,0.5287585,-0.002376549562392,-0.0074839855355792,-0.1717927913784429,2
TA,109C,BH,32.8889,-117.1051,150.0,500.0,manual,0.68,13.729999542236328,1567.0,manual,0.67,ci10258849,2007-06-30 18:24:34.990000,,32.6376667,-117.9336667,0.86,217.0,3.85,17.16,,2.08,ml,CI,,0.7417,82.49,249.9,2957.0,2007-06-30 18:24:43.720000,earthquake_local,109C.TA_20070630182442_EV,20.39999961853028,24.200000762939453,15.699999809265137,20.10000006357829,105.02265006590147,819.261962890625,7.800812133159274,8.493804564649901,0.0024763277065894,0.1083513918986497,6.453443025040438,4.981025391239357,1.7158283811346853,3.8,7.82890789431582,0.5262959828978675,0.4550299330579503,0.0172182723399066,5.565532446682228e-11,107.61123849097336,831.202392578125,7.724122538073455,10.6095278711292,-0.0332252378319192,0.1066844474079013,8.464105237524588,5.24167074828456,1.6394377114910978,5.583333333333333,7.785692755821176,0.3540835524858529,0.6297606568736756,0.0151179542147549,8.417860419422243e-11,77.47715775339827,474.2738342285156,6.121466610043696,2.634183086772688,-0.0354041503720413,0.1330221703617269,4.035254240183079,6.326674588345976,2.4378843227874816,9.066666666666666,8.47151984022434,0.2987704970642025,0.6574026404295624,0.0401097931400731,1.337394617356053e-10,0.5152571,-0.0492821706897952,-0.0659135028638276,-0.094663762076836,2
TA,109C,BH,32.8889,-117.1051,150.0,400.0,manual,0.64,6.239999771118164,833.0,manual,0.7,ci10259305,2007-07-03 23:46:55.850000,,32.816,-117.4581667,0.23,274.0,0.77,17.06,1.26,1.91,ml,CI,,0.3059,34.02,256.1,2371.0,2007-07-03 23:46:58.090000,earthquake_local,109C.TA_20070703234657_EV,18.700000762939453,23.39999961853028,20.39999961853028,20.83333333333333,154.15719741070382,1270.759521484375,8.243270783516078,9.096466263742837,0.0673151872885697,0.0955159193198866,16.81865134383809,5.359645120865989,2.125268980095348,4.816666666666666,8.25886967685029,0.5016798711791844,0.4574797774952896,0.0399865103397468,7.175911414214038e-11,157.255508838954,1011.2288208007812,6.430482647424356,7.944943663566576,-0.0367759218964196,0.1003500583430571,20.95998878184369,5.670064206500937,2.0788656039316864,5.833333333333333,8.10708362125297,0.2997477085894993,0.6618078908471073,0.0379156477428078,1.069812950687978e-11,108.29482644823648,820.9824829101562,7.580994492867813,7.88230381779802,-0.0116333589680752,0.1213535589264877,11.586256481192382,6.745777909595874,2.446718475814,7.316666666666666,8.637537450458172,0.2356837886823549,0.6843883024708967,0.0781888042996871,5.496760602177369e-13,0.49177322,-0.0118058542544591,-0.0445431408567903,-0.0644053507962941,2
TA,109C,BH,32.8889,-117.1051,150.0,800.0,manual,0.62,7.099999904632568,1319.0,manual,0.62,ci10259597,2007-07-05 11:50:39.270000,,32.5311667,-117.2338333,0.19,285.0,0.56,13.76,0.68,1.83,ml,CI,,0.3729,41.47,196.8,2529.0,2007-07-05 11:50:38.370000,earthquake_local,109C.TA_20070705115037_EV,25.39999961853028,24.200000762939453,16.299999237060547,21.96666653951009,141.45479543243948,1043.292236328125,7.375446220389283,12.507625689569757,-0.1060816560146704,0.1018503083847307,25.627521736419915,5.20390250373496,1.697037085302325,4.866666666666666,7.849159575984483,0.4822646953578143,0.4986683914310749,0.0185395228853441,7.537477425785198e-14,169.25308936918478,1592.7095947265625,9.41022465623922,20.354366995375404,0.370658516468995,0.1110185030838473,40.46493477801549,5.649165449266075,1.6273599529392924,5.616666666666666,7.948179206111344,0.331816222837314,0.6555925077924482,0.0122657287923855,1.993266480991637e-13,85.07675034604021,590.6234130859375,6.942242277515802,7.213599613379642,0.2367563163234594,0.1195199199866644,10.51477642470233,6.497190064632468,2.29009794151738,7.3,8.456426863606467,0.2493545057780768,0.695149767116766,0.0525413299484167,3.8018558200356935e-12,0.38569355,-0.2431304773027646,-0.0065274480371204,-0.0218336911815418,2
TA,109C,BH,32.8889,-117.1051,150.0,900.0,manual,0.62,10.15999984741211,1630.0,manual,0.62,ci10259993,2007-07-06 18:29:00.310000,,33.0088333,-116.469,0.21,80.0,0.32,9.66,1.26,1.86,ml,CI,,0.5481,60.95,77.5,2261.0,2007-07-06 18:29:01.470000,earthquake_local,109C.TA_20070706182900_EV,18.39999961853028,22.0,16.600000381469727,19.0,204.0329065616143,2703.577392578125,13.250692930562613,62.473483415162605,0.313492277994631,0.0998499749958326,23.879098318569604,5.1447991974384575,1.6399388921079467,5.6,7.84813337910785,0.35689440048167,0.6282010263656245,0.0145589647749725,3.0145222345478906e-11,231.7065545098034,3450.566162109375,14.891966131080608,73.95760796788214,1.8885527103898323,0.1051841973662277,27.93385684396416,5.485109876596238,1.888462520571688,4.533333333333333,7.875908400961609,0.5085942014713658,0.4461084382438122,0.0448237216768075,5.868920749459809e-11,140.2650180617599,1559.69091796875,11.11960016489646,27.36799183184957,0.1422968002501936,0.1186864477412902,10.972983547081064,6.192097191285031,1.8272787282361045,6.066666666666666,8.171441760703594,0.185737369778758,0.7887844334294725,0.0235811993090761,1.0187493553286872e-10,0.45432156,-0.0352680704939817,-0.1653465177388273,-0.0866187024071505,2
TA,109C,BH,32.8889,-117.1051,150.0,700.0,manual,0.5,8.510000228881836,1295.0,manual,0.5,12763676,2007-07-06 20:32:53.75,0.81,32.5202,-117.3092,0.4463,166.898,7.4666,14.18,,2.7,ml,,,0.41,45.15,25.0,2619.0,2007-07-06 20:32:55.260000,earthquake_local,109C.TA_20070706203254_EV,32.5,32.5,26.39999961853028,30.46666653951009,814.7878364255401,7278.39404296875,8.932870273197667,18.14984533485353,-0.0393907592233563,0.1083513918986497,54.16271585806251,5.396839764698538,1.777438821780968,4.866666666666666,7.694015241808183,0.4621096465885239,0.5096540154212249,0.0281958609881674,3.0584565630236973e-13,901.2527850915204,8051.59912109375,8.933785564142392,18.21944610029716,0.0490402567215185,0.1046841140190031,72.90535752516122,5.637791017991315,1.8416449674733748,4.35,8.053452574818346,0.3925518542904581,0.5883198814621079,0.019110232541365,9.1766480034236e-14,512.02748881506,3742.066650390625,7.308331548859924,8.378080024022443,-0.1210861570732574,0.1278546424404067,58.81391953506607,6.787053551994208,2.280423442933869,7.399999999999999,8.495017381842912,0.2163434074393399,0.7244567115161294,0.0590583287456486,6.494646555944188e-12,0.42143452,-0.18590973535653,-0.0558874463309091,-0.0650479749040824,2
TA,109C,BH,32.8889,-117.1051,150.0,400.0,manual,0.62,13.029999732971191,1353.0,manual,0.58,ci10260661,2007-07-10 11:59:03.210000,,32.9521667,-116.256,0.26,58.0,0.28,11.16,0.81,1.68,ml,CI,,0.7169,79.73,85.2,3199.0,2007-07-10 11:59:12.240000,earthquake_local,109C.TA_20070710115911_EV,16.899999618530273,14.5,8.699999809265137,13.366666475931805,65.02186273427928,381.1979064941406,5.862611288943811,2.874816030426608,0.1271995416100073,0.1103517252875479,2.57095649801852,5.143130703814516,2.01225268389438,4.433333333333334,8.10889112843719,0.5741555196954393,0.3963436576423323,0.0275078401677086,8.902179449803381e-11,68.19570558962764,672.0332641601562,9.854480694197417,8.896682855935854,-0.1267184862275183,0.1116852808801466,3.5681289213533227,5.4034906370801625,1.8059755261762795,6.566666666666666,7.863895096779016,0.4185822433836554,0.5551251905266058,0.0251737196365993,2.5143847101393703e-10,56.23668015694748,298.9015808105469,5.315064473513744,1.2386851202095288,-0.0947656707223203,0.1200200033338889,2.273020632608556,6.028893659780376,2.2064001917358027,6.566666666666666,8.325747066341654,0.3311467041986863,0.630967073421069,0.0342116523395574,4.6351393065843935e-10,0.59682906,0.2220281831431818,-0.0088367847361367,-0.0601719547787661,2
TA,109C,BH,32.8889,-117.1051,150.0,600.0,manual,0.61,10.149999618530272,1338.0,manual,0.61,ci10263337,2007-07-18 14:25:45.940000,,33.4106667,-116.8756667,0.24,37.0,0.26,4.48,1.76,2.24,ml,CI,,0.5548,61.7,20.3,2599.0,2007-07-18 14:25:50.090000,earthquake_local,109C.TA_20070718142549_EV,21.799999237060547,23.799999237060547,15.100000381469728,20.23333295186361,233.01003669821387,2272.48388671875,9.75272962023515,13.10245357679366,-0.1643647354928882,0.0973495582597099,14.824625136017104,4.917928166524417,1.6744680708109367,5.133333333333333,7.89508645241504,0.533161851021546,0.4524741134154769,0.0140422857555868,2.8741093824462506e-12,246.7119108862056,2413.200439453125,9.781450886520837,15.155049068463995,0.1580674785814136,0.1021836972828804,16.59678428674824,4.901869543840829,1.741110009735127,4.016666666666667,7.99110095251592,0.5559863087807371,0.4342350420469688,0.00945399665681,8.275278711289692e-11,159.74138347791782,1547.530029296875,9.687721463303848,10.670263569745462,0.1961554496544996,0.1180196699449908,10.624344990989693,6.488104505111841,2.394054365285524,7.016666666666667,8.470895567391322,0.2998419479909616,0.6680941885453114,0.0307339994831773,1.1443066089619942e-11,0.4707234,0.1332353673774239,-0.06234372852112,0.1523958941071276,2
TA,109C,BH,32.8889,-117.1051,150.0,700.0,manual,0.5,17.06999969482422,1830.0,manual,0.5,12777192,2007-07-23 17:29:25.67,0.29,32.7329,-116.0405,0.8738,32.831,3.059,11.29,,2.8,ml,,,0.91,101.19,280.1,2657.0,2007-07-23 17:29:35.740000,earthquake_local,109C.TA_20070723172934_EV,33.20000076293945,35.79999923706055,32.099998474121094,33.699999491373696,879.9755877888861,8855.7919921875,10.06367916914541,19.32482192512811,-0.5101518531805734,0.1053508918153025,31.27563989393819,5.111834668459967,1.7973709477156523,4.833333333333333,7.950791418364594,0.6246565842712993,0.3572100021374358,0.0181192838176615,1.3967389812021162e-14,984.9958668929957,12009.8359375,12.19277800157986,35.82617277398514,-0.8167522776728461,0.1000166694449074,41.77505830901465,4.7712790907178455,1.6828963258028793,3.8333333333333335,8.034545034564088,0.6145922288920906,0.3717011654413658,0.0136893586192424,2.4312218235356383e-12,611.9088066450793,7732.38232421875,12.636494589141783,33.03104932198403,-0.0701083427070727,0.125354225704284,59.18349764501177,7.002790675381797,2.178310602340283,8.766666666666666,8.35011482472512,0.2022947236765139,0.7603427303053861,0.037312605003264,2.223815082272509e-13,0.4632783,0.1602612150885858,-0.0832437587008456,-0.1810181367370472,2
TA,109C,BH,32.8889,-117.1051,150.0,400.0,manual,0.62,11.899999618530272,1267.0,manual,0.58,ci10265513,2007-07-25 02:39:28.340000,,33.0936667,-116.3711667,0.25,41.0,0.35,12.72,0.79,1.65,ml,CI,,0.6497,72.26,71.8,3199.0,2007-07-25 02:39:36.240000,earthquake_local,109C.TA_20070725023935_EV,10.5,12.199999809265137,12.100000381469728,11.600000063578287,55.59110440574707,340.7945556640625,6.1303792991173385,2.662613812014964,-0.1479984403760107,0.105850975162527,3.6277446172230112,5.116636203105652,2.279834071312911,3.15,8.268951084634873,0.540292728726874,0.4117035243632174,0.0446166677157399,2.8560040917464165e-11,57.48407085831632,341.6210021972656,5.94288116858103,2.9511233485338595,-0.1831664270073059,0.1031838639773295,3.964823441163438,5.222143828936518,2.1638891650675616,4.533333333333333,8.248572255298098,0.4690941118003432,0.4892515780910013,0.0383513974603129,8.878937698381225e-11,51.85565456530273,425.0652160644531,8.197085151613718,5.857926615203523,-0.2614111535844312,0.1258543090515085,5.500779648190621,6.432297504950317,2.395134991974761,7.383333333333333,8.340396782789085,0.2871324713595104,0.6679670580405651,0.0365640093885056,6.832646038797252e-12,0.6484597,0.040055063223234,0.0608458524978663,0.1536829339918802,2
TA,109C,BH,32.8889,-117.1051,150.0,800.0,manual,0.53,17.670000076293945,2068.0,manual,0.53,ci10266685,2007-07-28 01:54:59.820000,,32.697,-115.9541667,0.22,103.0,0.32,5.4,1.68,1.65,ml,CI,,0.9881,109.89,101.5,2979.0,2007-07-28 01:55:09.490000,earthquake_local,109C.TA_20070728015508_EV,17.200000762939453,18.0,12.100000381469728,15.766667048136393,57.75591358549437,476.9386291503906,8.257831961127106,9.589549837309985,0.3283365037778853,0.1020170028338056,1.3534159317059478,5.120466172097584,2.066343712656902,5.666666666666667,8.22843696314155,0.4461349103341759,0.5199629746632765,0.029649591338998,7.095107223237085e-13,74.03898893895416,1041.73583984375,14.070098130360355,59.82121393454877,-0.0166011396112491,0.1043507251208534,1.4259207739069617,4.98338611807886,1.9843090723007288,3.8333333333333335,8.263146857890801,0.5893260512033688,0.3834203223891447,0.0222974543179633,2.3199893932555272e-09,48.03287914941488,422.7457580566406,8.80117464417684,10.595981307092837,0.2193264255748093,0.1271878646441073,2.390886445364328,6.113166782414132,2.5157310479047608,6.983333333333333,8.537546260783909,0.3109032677346701,0.6425130885859482,0.032149192579048,8.283887621638634e-12,0.51152337,0.0122811993743045,-0.0163657729997658,0.0006007406225011,2
TA,109C,BH,32.8889,-117.1051,150.0,800.0,manual,0.56,10.050000190734863,1540.0,manual,0.62,ci10266845,2007-07-28 22:26:25.220000,,32.4646667,-116.7046667,0.18,253.0,0.77,6.37,,1.66,ml,CI,,0.5413,60.2,141.6,2083.0,2007-07-28 22:26:27.270000,earthquake_local,109C.TA_20070728222626_EV,19.700000762939453,25.89999961853028,21.0,22.20000012715657,114.14194217424593,1735.39501953125,15.203832933577074,68.07407071551464,0.116025741146976,0.104850808468078,25.279748590965188,6.420854044386232,2.131740141987568,5.616666666666666,8.152553932820775,0.1327053709050869,0.8275564480597245,0.0388337171202793,1.934771156967716e-11,119.35442107033197,1394.6939697265625,11.68531468896918,41.96260098717556,-0.1447680733537422,0.1003500583430571,27.30261941603068,6.594143478969729,1.75813779525671,7.383333333333333,8.015418685635666,0.124207940195025,0.8565379274910171,0.0181713165813947,1.0933334093879764e-10,87.09731851365116,999.0399780273438,11.470387321634472,30.871328192083222,0.0586181435372509,0.1225204200700116,20.14245424844909,7.358724902039989,2.1416264518995183,8.816666666666666,8.26253003462831,0.1032740222589169,0.8478906322591523,0.0447875938289947,1.0095857393908095e-10,0.5273895,-0.0720060000917567,0.2488530239626804,-0.0584332311559449,2
TA,109C,BH,32.8889,-117.1051,150.0,600.0,manual,0.58,12.949999809265137,1538.0,manual,0.58,ci10267417,2007-08-01 03:20:30.540000,,33.3326667,-116.4305,0.22,29.0,0.26,4.33,1.61,1.99,ml,CI,,0.7186,79.92,52.0,2219.0,2007-08-01 03:20:37.490000,earthquake_local,109C.TA_20070801032036_EV,27.39999961853028,29.200000762939453,21.89999961853028,26.166666666666668,202.8763977644861,2837.012451171875,13.9839453107073,57.2508702465402,-0.2658044205302923,0.1080180030005,47.98085039697175,4.737428770584136,1.4462431938879508,4.3,7.534124920996705,0.6639416453291697,0.3208889380950344,0.0148869226610297,4.273642207871064e-13,167.0305358545306,1901.658203125,11.385093111245135,37.2004326150167,0.1523964415063119,0.1076846141023503,39.09748666542499,5.284801780745068,1.6951000527718685,6.416666666666667,7.836167585451769,0.5189601583081668,0.4656795205302644,0.0149220029874167,2.300658000059344e-12,102.55811790446124,1063.6434326171875,10.371128627848186,16.40238782206582,-0.1302063140004599,0.1235205867644607,17.650956385883042,6.552585967908504,2.252298986043593,6.466666666666667,8.54581232728418,0.2399618162666692,0.7019822836525231,0.0569847967998443,2.083846854352183e-12,0.39026803,0.0162938987920345,0.1863874808444239,-0.1869792727171316,2
TA,109C,BH,32.8889,-117.1051,150.0,700.0,manual,0.59,14.760000228881836,1773.0,manual,0.56,ci14311324,2007-08-04 10:33:06.980000,,33.2958333,-116.2481667,0.25,39.0,0.28,7.98,2.74,1.54,ml,CI,,0.8259,91.85,60.7,2298.0,2007-08-04 10:33:14.740000,earthquake_local,109C.TA_20070804103313_EV,23.100000381469727,26.39999961853028,14.699999809265137,21.39999993642171,91.87020895667985,1118.3079833984375,12.17269445774049,48.84051557781297,-0.8885874548802435,0.1096849474912485,27.10264029026795,5.211126590719245,1.5248902841114218,4.766666666666667,8.077297225062535,0.5296250821285932,0.4590384646090338,0.0103216968188919,1.1039489713974509e-12,135.6406440985508,2513.71826171875,18.53219054233028,107.53865423375136,-1.412013344650312,0.1098516419403233,60.36159662138564,5.448142078250715,1.2401725459270725,5.083333333333333,7.77413290583736,0.2372814333344639,0.753915741603179,0.0083869486693007,2.347171913012155e-12,60.43451109353195,768.9447631835938,12.723603604462529,36.41001944843392,0.4028292821288819,0.1270211701950325,11.067153851424951,6.770376287601727,1.8904007696620344,6.85,8.258912432272373,0.1480792484052129,0.8124044363553643,0.0358800909143224,2.4002549319271065e-10,0.36889753,-0.3165965132607996,0.0697911811688249,0.2554632050339415,2
TA,109C,BH,32.8889,-117.1051,150.0,800.0,manual,0.64,3.680000066757202,1068.0,manual,0.64,ci14311424,2007-08-04 23:56:22.810000,,32.9311667,-117.305,0.19,222.0,0.53,5.32,,1.61,ml,CI,,0.1734,19.28,284.1,1506.0,2007-08-04 23:56:18.490000,earthquake_local,109C.TA_20070804235617_EV,37.59999847412109,36.29999923706055,27.39999961853028,33.76666577657064,575.370250657957,10825.33984375,18.81456302506226,152.78568915793704,-1.422126102911512,0.0950158359726621,484.3675458083403,5.151897536442898,1.46177879888212,5.05,8.02552386606363,0.3898863460793381,0.5962150014652702,0.0138753033866429,1.673440060177442e-12,501.78727837862914,8124.978515625,16.192077531097166,104.9717136169016,-0.9849059002671804,0.0965160860143357,511.1451739994776,5.274706881913427,1.3425209343908655,5.6,7.569305430036019,0.3753985985401893,0.6078288830373058,0.0167474269390487,3.81967079312084e-13,212.39617976255684,4026.54052734375,18.957688089518008,110.22091118028374,-1.3792524112633564,0.1261876979496582,159.09699648888417,7.45585380638593,2.24436139009752,8.45,8.538619650743719,0.1446149439969253,0.7326298285879419,0.1223669923667269,5.213373837861214e-13,0.2782092,0.7571715739861872,-0.1971811362851059,-0.0900837825294409,2
TA,109C,BH,32.8889,-117.1051,150.0,900.0,manual,0.63,16.329999923706055,2060.0,manual,0.63,ci14311528,2007-08-05 16:04:17.040000,,33.0943333,-116.0593333,0.28,58.0,0.4,5.49,,1.47,ml,CI,,0.9024,100.36,77.1,2880.0,2007-08-05 16:04:24.370000,earthquake_local,109C.TA_20070805160423_EV,12.899999618530272,17.600000381469727,11.899999618530272,14.133333206176758,39.52412169114681,272.4506225585937,6.89327455996628,7.232312064313355,0.1719493533340082,0.0988498083013835,1.0908399910721152,4.766345176889381,1.7585652961104026,4.366666666666666,8.163119108120853,0.5708169158402955,0.4179612753305537,0.0065874912074902,5.993332229076407e-12,53.34842653723808,373.7351989746094,7.0055524264382205,12.112029136182654,-0.0414401323989975,0.100516752792132,0.9903804208631624,4.634071600251031,1.5367558107813726,4.366666666666666,7.882139370639801,0.585850956961475,0.4074125856652114,0.0056944761038935,4.737786097046597e-11,28.672591109940683,188.38706970214844,6.570284107906638,4.200243809732348,0.0769759995812311,0.1158526421070178,1.5341325757204414,5.365107032150222,2.396078437513876,2.7333333333333334,8.447159167382067,0.45334625302988,0.5124729105809728,0.0211249586629801,1.4136905605899454e-10,0.43185285,0.2695428464563589,0.017961433665707,0.0504718619463251,2
TA,109C,BH,32.8889,-117.1051,150.0,500.0,manual,0.64,3.759999990463257,767.0,manual,0.6,ci14311968,2007-08-08 10:46:29.760000,,32.9351667,-117.2898333,0.13,245.0,0.91,12.73,0.79,0.87,ml,CI,,0.1621,18.03,286.6,1245.0,2007-08-08 10:46:28.520000,earthquake_local,109C.TA_20070808104627_EV,19.299999237060547,23.0,10.399999618530272,17.56666628519694,61.15431176144871,1055.964111328125,17.267206202029374,99.72781580475154,-1.147199361512832,0.1063510585097516,12.958214353557835,5.158288658762756,1.701746020240232,5.033333333333333,8.169864780368895,0.4333747162166104,0.5471415607958131,0.017085749626848,5.4669827191856466e-11,51.74132616324565,704.8093872070312,13.621788219794242,50.01458297784282,-0.7138139511233395,0.1108518086347724,6.418516625218967,5.180961987716017,1.6049177303737598,5.0,7.898979083294829,0.4585893667862188,0.5225755079446491,0.0157504935658125,4.4101148379078746e-11,32.88401954696663,394.7722778320313,12.004988540655663,16.266504372776613,-0.5139201134344717,0.1218536422737122,2.55288042775747,6.255554697005628,2.5874503416469907,6.8,8.405057631340911,0.3268299273203873,0.5773278391594062,0.0783040017523289,2.0711199809549144e-10,0.41050494,0.5472993895306848,-0.124740362154208,-0.0635819664165309,2
TA,109C,BH,32.8889,-117.1051,150.0,800.0,manual,0.5,10.890000343322754,1536.0,manual,0.5,12801381,2007-08-10 00:16:34.55,0.35,33.0143,-116.4463,1.1555,47.701,3.5518,7.63,,2.9,ml,,,0.57,63.15,257.5,2017.0,2007-08-10 00:16:37.440000,earthquake_local,109C.TA_20070810001636_EV,48.59999847412109,51.20000076293945,42.400001525878906,47.40000025431315,2740.958522122111,42922.828125,15.659787544602532,76.69628010384547,-0.7315331832447612,0.0935155859309884,275.0075818702868,4.504685005970185,1.302288541403845,4.733333333333333,7.82145458210688,0.7540049140748484,0.2433872211018598,0.0026066855596494,2.451225303434625e-12,5497.132331347898,94589.8203125,17.20712084246052,145.61442774308438,-0.3668068116121837,0.096182697116186,1250.748005714809,4.839426076623783,1.146466213354151,5.116666666666666,7.75466389137893,0.4628584694463682,0.5336420159226952,0.003496460178059,8.760958803392672e-13,1615.326508638252,23382.6796875,14.4755128839011,56.45590609967305,-1.5912205573766782,0.1170195032505417,356.2580542716836,5.395660797719705,1.7847501112395612,4.116666666666666,8.346642589959005,0.4358072778129783,0.5518399544006202,0.0123469876086505,2.414080145053516e-13,0.26297188,-0.3031515319380726,-0.1551756817172615,0.2942361741322271,2
TA,109C,BH,32.8889,-117.1051,150.0,800.0,manual,0.55,15.710000038146973,1940.0,manual,0.55,ci14313884,2007-08-17 03:19:14.880000,,32.6735,-116.096,0.28,96.0,0.47,10.35,1.03,1.47,ml,CI,,0.8768,97.51,104.5,3199.0,2007-08-17 03:19:22.590000,earthquake_local,109C.TA_20070817031921_EV,13.100000381469728,15.899999618530272,12.399999618530272,13.799999872843424,62.58420592617228,770.3329467773438,12.308743641903362,25.93343314424437,0.7151621084953493,0.1076846141023503,2.4970685524944547,5.09902955715246,2.032132795158708,4.45,8.30354137030031,0.5645365736655928,0.4205757346747828,0.0121562030049354,1.4334019262303508e-12,65.39267532705065,794.2233276367188,12.145447845107148,29.375588889696168,-0.4658926155182281,0.1085180863477246,4.208528475396146,5.120859823257188,2.100606280450129,5.383333333333333,8.225247971401517,0.5368687101041356,0.4200028367289832,0.0417079131106507,1.114980324817739e-11,55.62115587818164,583.9115600585938,10.49801196755861,23.035725058803408,-0.1815393646910403,0.1198533088848141,3.546001609947666,6.422358585852195,2.2851827723869094,3.2666666666666666,8.068964649136543,0.2509048013524599,0.7243164611584408,0.0191328294376012,2.0372748645578317e-10,0.6144958,0.1074264502057903,0.0002418588731113,-0.0810864491894618,2
TA,109C,BH,32.8889,-117.1051,150.0,800.0,manual,0.69,10.979999542236328,1588.0,manual,0.64,ci14313896,2007-08-17 06:27:58.830000,,33.461,-116.8855,0.3,31.0,0.2,10.95,0.54,2.47,ml,CI,,0.5995,66.67,17.9,2119.0,2007-08-17 06:28:01.810000,earthquake_local,109C.TA_20070817062800_EV,35.599998474121094,37.5,35.20000076293945,36.09999974568685,533.128719329617,6789.193359375,12.734623203026985,52.5646025401343,-0.9632738208132954,0.1016836139356559,124.76332691680288,5.048704204887551,1.816213654694448,3.883333333333333,8.20870152232718,0.5973862163048418,0.3868508359123036,0.015708668143404,7.195286672703478e-14,631.3946036702287,11853.41015625,18.77337894139007,86.46904184732784,-2.302063380164756,0.1045174195699283,243.3607748300014,6.001201112133391,1.5572784635030512,5.733333333333333,7.939618597481015,0.2315337490104493,0.7455660076735052,0.0228560107124078,1.38450283024175e-13,408.8525274448096,7588.17626953125,18.55969025544441,103.77697845056446,0.7583014857168772,0.1335222537089515,222.41538261097213,7.082780894398,1.711474796195393,7.433333333333334,8.298807518918832,0.0983893750561336,0.8789590692276017,0.0224190643060653,1.5219153035877888e-12,0.49475798,-0.2563335079211322,-0.2862835583917311,0.4126891014227547,2
TA,109C,BH,32.8889,-117.1051,150.0,800.0,manual,0.6,15.8100004196167,1927.0,manual,0.6,ci14314152,2007-08-18 15:39:24.610000,,32.664,-116.1106667,0.26,147.0,0.37,9.37,0.63,1.74,ml,CI,,0.8672,96.45,105.3,2799.0,2007-08-18 15:39:32.420000,earthquake_local,109C.TA_20070818153931_EV,20.0,18.299999237060547,16.200000762939453,18.166666666666668,124.02705517180304,1394.152099609375,11.240709518404568,31.3521828841903,0.1762634247810793,0.0966827804634105,14.860482218359635,4.929469412454044,1.855951602656044,4.883333333333333,8.037909742612031,0.572518029441938,0.4095875299187392,0.0173621923734789,1.04913193278177e-11,112.46637803416644,1372.4920654296875,12.203576654817985,29.915757690298847,-0.948699297934542,0.0968494749124854,10.577187355234258,5.228615929829606,2.153229727137713,3.966666666666667,8.363488664573602,0.4973448879135894,0.4642962531245488,0.0372207711128631,2.858115168805726e-11,85.15224743209158,913.1815185546876,10.724103545040832,25.298915675219064,0.6269123923108353,0.1176862810468411,13.291160294385037,6.443225071364679,2.151740709779366,6.85,8.41365012822399,0.2178172991391281,0.7459968153219887,0.0333042280977896,1.1288190068017078e-10,0.5085969,0.089902949733187,-0.0299929122441891,-0.0606049136622652,2
TA,109C,BH,32.8889,-117.1051,150.0,500.0,manual,0.65,7.909999847412109,1060.0,manual,0.65,ci14314512,2007-08-20 19:50:51.710000,,32.6125,-117.4668333,0.2,286.0,0.94,12.22,1.53,2.07,ml,CI,,0.411,45.7,227.6,2185.0,2007-08-20 19:50:54.620000,earthquake_local,109C.TA_20070820195053_EV,21.700000762939453,25.39999961853028,16.200000762939453,21.100000381469727,150.50337319528091,1743.525390625,11.584626667222558,24.100199172146787,0.2670448689982082,0.1008501416902817,9.271149994045537,4.882894722744172,1.69063700598486,5.65,8.102321938522987,0.5748517460106917,0.410261442972664,0.0141331200294143,1.2916220904593378e-11,179.5308424346668,1771.88330078125,9.869520338412368,24.21496199539345,0.2633581272131882,0.102683780630105,18.2664490939438,4.923716577381304,1.3735636594397205,4.883333333333333,7.617267642681532,0.586188072282587,0.403979303045111,0.0095276188694869,2.2512824815925702e-11,103.12010142819562,765.5899047851562,7.424254768778037,6.405892871245948,0.1265131603052344,0.116686114352392,7.327160357884777,6.134466988787899,2.2161334750641384,7.166666666666667,8.263728430068236,0.319187603450073,0.6464369774495573,0.0329576971374054,2.8702643666829688e-12,0.44017565,-0.2465668732487521,0.0009082791497941,-0.112747048690033,2
TA,109C,BH,32.8889,-117.1051,150.0,700.0,manual,0.61,9.260000228881836,1370.0,manual,0.61,ci10272213,2007-08-25 05:02:50.810000,,33.2933333,-116.769,0.22,44.0,0.27,12.41,0.86,1.81,ml,CI,,0.4922,54.74,34.9,1954.0,2007-08-25 05:02:53.070000,earthquake_local,109C.TA_20070825050252_EV,27.799999237060547,29.600000381469727,30.600000381469727,29.33333333333333,149.23578136545427,2371.078369140625,15.888135857541013,60.00071490938574,0.0485391874426624,0.1075179196532755,58.43714258463312,6.009152370191169,2.702428574816734,4.4,8.610766218660553,0.4477951195063624,0.4527235860960635,0.098720523133675,9.896371205462319e-11,193.9455382476256,2236.6259765625,11.532237332043302,46.7313039376871,0.3072655059541992,0.1085180863477246,113.80859424445252,5.636869738981889,2.368808393147132,6.033333333333333,8.513874148244213,0.4467995606898721,0.4898627930463904,0.0627869898678911,1.2953749860085588e-11,120.71544053489464,1767.0655517578125,14.638272816864845,55.99790870880945,0.2818050551383225,0.1276879479913319,48.995777740328855,6.916860974802358,2.206573595853409,6.7,8.191081462203394,0.1579258643028471,0.731757599982533,0.107853563750921,3.502234110732459e-12,0.4932868,-0.1487586844491539,0.0348665616221858,0.1794711309412794,2
TA,109C,BH,32.8889,-117.1051,150.0,900.0,manual,0.5,17.829999923706055,2100.0,manual,0.5,12816225,2007-08-29 04:13:47.16,0.26,33.1193,-116.0207,1.2504,17.985,1.9883,3.1,,3.6,ml,,,0.94,104.51,256.1,3199.0,2007-08-29 04:13:55.990000,earthquake_local,109C.TA_20070829041354_EV,52.29999923706055,58.59999847412109,52.900001525878906,54.59999974568685,5012.450034875843,47776.71484375,9.53160919536895,13.831292887857852,-0.2150959807185507,0.0975162527087847,8.19330298211245,5.0884689855666885,1.760996020038981,4.65,8.159225312495199,0.530579736392789,0.460243508053182,0.0091535816736071,8.796640849210308e-15,6845.301692017759,60549.609375,8.845425972328776,22.353629131964546,0.2130614199007292,0.0938489748291381,4.718340747868207,5.222041800734482,1.301836626072406,5.35,7.710743794258095,0.3740336982008978,0.6207253073030614,0.0052347852223576,6.267564358869739e-15,4412.072972079426,67224.7265625,15.236540054507923,37.70590979474375,0.9508414710898762,0.1168528088014669,69.55970635789319,6.465102506691596,1.865911539598745,6.1,8.354073400719995,0.2157449684580783,0.7743171723892851,0.0099211382784102,9.619095720710809e-14,0.52002984,-0.0194844153147493,0.1005380405041482,0.0234234661416851,2
TA,109C,BH,32.8889,-117.1051,150.0,900.0,manual,0.5,5.25,1278.0,manual,0.5,12816661,2007-08-30 09:53:07.59,0.32,32.6931,-117.4375,1.1545,140.005,2.9323,10.0,,3.4,ml,,,0.34,37.96,55.0,2207.0,2007-08-30 09:53:03.840000,earthquake_local,109C.TA_20070830095302_EV,65.4000015258789,65.0999984741211,58.09999847412109,62.86666615804037,12494.096684441753,143968.1875,11.522896863706528,29.99113510628237,-0.1609425461797685,0.0748458076346057,176.78767974245986,3.951225889812035,1.5157179682896105,4.066666666666666,7.78377850268611,0.6967295169479113,0.3016918432703916,0.0014153033707657,3.984597925504087e-15,13107.49466835449,192178.96875,14.661762114920323,59.01410185851879,-0.8722741052138853,0.0825137522920486,244.7340352860135,4.238390598479367,1.3651348738399578,5.2,7.754918215810775,0.6282363366189456,0.3702426794997354,0.0013734379007447,1.287328802598481e-15,6952.280144992189,66207.015625,9.523064986483565,17.385055098593767,-0.3197707238666272,0.0860143357226204,202.33022653985205,4.518683173772146,2.281580538407602,2.433333333333333,8.44067979866874,0.5709758300284675,0.4239442943100717,0.0044721793559186,1.0419519762121704e-14,0.3839288,-0.3554087002009517,0.0611941039578134,-0.1714148379492229,2
TA,109C,BH,32.8889,-117.1051,150.0,500.0,manual,0.61,4.610000133514404,855.0,manual,0.61,ci10274341,2007-08-30 14:44:46.760000,,32.77,-117.3316667,0.11,272.0,0.78,10.97,1.0,1.41,ml,CI,,0.2246,24.98,238.0,2420.0,2007-08-30 14:44:46.370000,earthquake_local,109C.TA_20070830144445_EV,15.399999618530272,18.39999961853028,12.399999618530272,15.399999618530272,122.11322693303846,1485.7608642578125,12.167075603304944,28.518413249041448,0.3328941883544414,0.0908484747457909,6.231281222385865,4.540550010731852,1.5137402759369605,4.866666666666666,7.818678600603757,0.7124007324578782,0.2801468024087914,0.00653945608638,1.7257306969929348e-11,118.88423508587056,1435.2525634765625,12.07269039868805,44.816033848427416,-0.451239804271227,0.0971828638106351,6.040602249959844,4.807536751981376,1.5525888857780905,5.233333333333333,7.885697686616242,0.4947477086283871,0.4954535777966347,0.0087915146940508,2.8443157781768798e-12,80.57585219396543,630.357666015625,7.823158537600107,4.1940530211615545,0.008208467675409,0.1156859476579429,2.1261327375249786,5.51467371975076,2.3330066173368973,3.05,8.393102577649145,0.4448063545432489,0.532257290329675,0.0200226551696445,4.051031351308121e-12,0.47279018,-0.2617279138917556,0.0711442035846714,-0.1160609150041205,2
TA,109C,BH,32.8889,-117.1051,150.0,500.0,manual,0.58,16.510000228881836,1700.0,manual,0.58,ci10275393,2007-08-31 23:26:53.580000,,32.6778333,-116.038,0.28,144.0,0.35,7.59,0.99,1.57,ml,CI,,0.9232,102.67,103.5,3199.0,2007-08-31 23:27:05.090000,earthquake_local,109C.TA_20070831232704_EV,9.800000190734863,9.399999618530272,3.400000095367432,7.533333301544189,64.6561892581969,301.63037109375,4.665143036643012,1.2827138801639508,-0.0572020724265806,0.0906817802967161,1.4699885370033994,4.173071109608096,2.013498816070121,3.1166666666666667,8.107781072204137,0.7306820013590277,0.2513991025582048,0.0162915507269165,8.932800379709876e-12,65.99734024204943,391.56939697265625,5.933108751603483,2.2000301194133174,0.0459646439717163,0.0888481413568928,1.634794930241925,4.331676037113151,2.07692995121607,4.466666666666667,8.278430210900698,0.6335423350790288,0.348486816127736,0.0161322536548391,2.0753321002281903e-10,52.87790761813314,409.057861328125,7.735893490381774,2.440644554526899,0.0316772508170616,0.1040173362227037,1.4668036312345727,4.922758273830975,2.4101173748557274,3.1166666666666667,8.363841288197232,0.565601340305461,0.4057716701880381,0.0253280113102468,4.89466461216919e-10,0.57232827,0.1336618783267637,0.0699412106009678,-0.026129876545836,2
TA,109C,BH,32.8889,-117.1051,150.0,700.0,manual,0.71,4.75,1082.0,manual,0.66,ci10275829,2007-09-02 21:20:30.270000,,32.7643333,-117.3455,0.12,255.0,0.45,11.01,0.6,1.96,ml,CI,,0.2375,26.41,238.3,2126.0,2007-09-02 21:20:28.020000,earthquake_local,109C.TA_20070902212027_EV,36.29999923706055,35.20000076293945,30.299999237060547,33.93333307902018,378.0120156617709,3844.613037109375,10.17061066267632,25.54842680889209,0.7372830283232482,0.101516919486581,173.72056558185892,4.753484791015302,1.4089343033444768,4.166666666666667,7.752223908089729,0.6396044027248469,0.3497766468512175,0.0104947741547936,4.6588082024327566e-14,447.5012154739888,6345.775390625,14.18046515003008,68.83746915043493,-0.275138144767628,0.1028504750791798,233.83259012984857,5.26359704148422,1.2431346234914256,4.783333333333333,7.529378752625584,0.4322323593464561,0.5574227553061871,0.0102707769528234,1.0545829181489986e-12,243.9329086194957,2600.429931640625,10.660430961764838,16.122180515357407,0.2876370325286125,0.125354225704284,186.0508582206094,6.434547512288922,1.9640511596996275,7.0,8.224825529387918,0.2000599916087207,0.7749106834323591,0.0246410821723084,3.3051733190279895e-12,0.41641665,-0.4064652035014259,0.0286336616225419,-0.1593818735197107,2
TA,109C,BH,32.8889,-117.1051,150.0,400.0,manual,0.54,12.350000381469728,1274.0,manual,0.62,ci10275961,2007-09-03 10:26:45.450000,,33.4463333,-116.6408333,0.23,25.0,0.23,7.33,0.53,2.14,ml,CI,,0.6787,75.48,35.0,1999.0,2007-09-03 10:26:53.800000,earthquake_local,109C.TA_20070903102652_EV,41.5,34.599998474121094,30.799999237060547,35.63333257039388,243.24027064990725,3129.364501953125,12.86532239744619,50.120377351720606,-1.2951372273883617,0.1063510585097516,99.8204721801786,5.345246885340274,2.139113455252548,3.95,8.262411701499012,0.4962417397877726,0.4424082258117743,0.0611309858699613,1.8141649046438647e-11,281.854780637768,4519.8330078125,16.036034576334774,89.37894115783135,0.0394650029964465,0.1076846141023503,150.26898893614995,5.332160863933649,1.7906084342077693,4.6,8.130758765462641,0.444820245685656,0.5267781946309299,0.0282083292639896,1.0964163531418216e-11,141.16464013872118,1841.6705322265625,13.046259533667708,42.46583216644533,-0.651874068923899,0.1335222537089515,54.22515933456859,6.9755054131977285,2.342364523414841,6.7,8.751364603669241,0.1705651423620424,0.7434121806952698,0.0851076428797715,2.1404456006222192e-13,0.37916818,-0.4265448090903821,-0.1139768517895733,0.1903497496788299,2
TA,109C,BH,32.8889,-117.1051,150.0,400.0,manual,0.69,4.550000190734863,747.0,manual,0.62,ci10276025,2007-09-03 18:08:19.900000,,32.7725,-117.335,0.12,274.0,0.63,10.99,0.85,1.44,ml,CI,,0.2257,25.1,238.9,2188.0,2007-09-03 18:08:20.450000,earthquake_local,109C.TA_20070903180819_EV,16.100000381469727,17.200000762939453,9.699999809265137,14.333333651224772,68.58096967916848,461.7994079589844,6.733637773267827,6.476022912086412,-0.0735923090597102,0.1045174195699283,8.712527398863475,5.178799786045232,2.223547377440075,5.833333333333333,8.365880607575445,0.4862657426866177,0.4767091741073446,0.0349265592096354,6.338560535760286e-11,73.12987309664864,598.466552734375,8.183612624945212,9.480080101322535,0.1721563038999119,0.1011835305884314,9.92433096933676,5.213623504074227,1.9317119952192463,5.033333333333333,8.140393739058975,0.407324262725505,0.5648447038321076,0.0256342159180347,1.71014194760513e-10,54.56074971365421,322.0737609863281,5.9030303409802105,4.020796667256577,0.0175027421485379,0.1230205034172362,6.643299847257428,6.270997306111869,2.50422828719477,7.033333333333333,8.579129616365286,0.2751004285852665,0.668879532292666,0.0476446396779002,2.366944640204862e-10,0.54421264,-0.0853947592106641,-0.0304152388900125,-0.071235069203289,2
TA,109C,BH,32.8889,-117.1051,150.0,500.0,manual,0.56,16.670000076293945,1655.0,manual,0.54,ci10276125,2007-09-04 03:52:20.200000,,33.0931667,-116.048,0.24,59.0,0.3,5.58,,1.73,ml,CI,,0.9115,101.36,77.3,3199.0,2007-09-04 03:52:31.870000,earthquake_local,109C.TA_20070904035230_EV,10.199999809265137,21.5,14.399999618530272,15.366666475931805,39.91205006402227,316.8417053222656,7.938497391490165,4.748315264457023,-0.3327490769600698,0.103683947324554,4.027950546285787,5.2907889473951215,2.27213097621714,5.166666666666667,8.315934452476704,0.4235863012446394,0.5323654076788241,0.034154308955523,5.6488309239041196e-11,48.548211990099546,395.79400634765625,8.152596977791287,10.893597990266723,0.0892912050276756,0.1080180030005,8.3455202681791,5.146534354620668,1.954171873775752,4.883333333333333,8.138726891055693,0.5341122944667789,0.4323233842130281,0.0249366108792354,1.757988374068251e-11,32.72534175099165,299.0387268066406,9.137833581144468,8.22899430405204,0.3124742558987059,0.1281880313385564,7.498128569978784,6.406087861039674,2.6617274111143856,6.8,8.531907391512846,0.276276274021613,0.643847310153445,0.0582147839281859,5.106437322655186e-11,0.5207042,0.030603404434305,0.0705311666030647,0.0605458956723442,2
TA,109C,BH,32.8889,-117.1051,150.0,400.0,manual,0.6,14.93000030517578,1512.0,manual,0.6,ci10276153,2007-09-04 09:47:00.290000,,33.36,-116.282,0.29,26.0,0.26,4.71,,2.3,ml,CI,,0.8353,92.9,55.9,2073.0,2007-09-04 09:47:11.220000,earthquake_local,109C.TA_20070904094710_EV,39.0,39.400001525878906,46.29999923706055,41.56666692097982,358.2932214939213,3807.274658203125,10.626142025038892,37.18563494878259,0.4065368577050675,0.1111851975329221,216.65191537101623,5.880133345853428,1.9233438619079504,5.25,8.03767144860601,0.2792451794810089,0.6941777074320623,0.0264655174435892,5.056567082531322e-12,407.3384987628821,5446.47314453125,13.370877442403804,47.97839343847623,-0.912409795760342,0.1071845307551258,248.5306942865086,5.606920928394184,1.972148558598745,5.3,8.200344736873593,0.4039389558007544,0.5653509168510752,0.0305965860392105,2.661199599656065e-12,273.4445048428386,4310.02099609375,15.7619587146976,60.56053482129239,0.2502234134541218,0.1356892815469245,318.0464268817081,7.475548264056929,1.767363667313559,6.55,7.996974205107128,0.0685503117283016,0.8916387756880232,0.0395449391988009,5.89489206333144e-14,0.5040516,-0.2902986528460494,0.2342605223543364,0.231266688271818,2
TA,109C,BH,32.8889,-117.1051,150.0,800.0,manual,0.57,14.43000030517578,1872.0,manual,0.57,ci10276165,2007-09-04 12:48:30.840000,,33.652,-116.7545,0.26,20.0,0.21,12.83,0.32,2.46,ml,CI,,0.8158,90.72,21.1,2537.0,2007-09-04 12:48:37.270000,earthquake_local,109C.TA_20070904124836_EV,36.0,32.79999923706055,29.0,32.59999974568685,421.0860924166704,5955.35498046875,14.142844154006982,50.39971038516435,1.6301689670862016,0.1118519753292215,36.14818376847371,4.722524760862148,1.793784347926743,3.933333333333333,7.912964598997843,0.6818823828374696,0.2974315791941251,0.0205911977482111,5.154081964502975e-13,393.790418750231,4256.4599609375,10.808947496605397,30.050884945073705,0.017516972160635,0.1140190031671945,31.11759097017517,5.87630890274013,2.137546347149354,5.7,8.300242651165846,0.3843209860500766,0.5634863562152946,0.0521042266855484,8.430991407500847e-12,280.7343343239659,3139.249267578125,11.182277633185572,34.65198891240101,0.4391809753119601,0.1371895315885981,41.492899283882736,7.48641183710917,2.1396588247803114,6.5,8.396650159366967,0.1575797199387898,0.785576740432147,0.0563002978823555,1.2224997854246823e-11,0.4869398,-0.1534960132283932,0.0418126023396035,0.2526011191980183,2
TA,109C,BH,32.8889,-117.1051,150.0,900.0,manual,0.5,4.909999847412109,1216.0,manual,0.5,12956869,2007-09-04 14:47:59.43,0.27,32.7178,-117.407,1.2589,136.444,2.9612,10.0,,3.9,mb,,,0.31,34.05,56.1,3064.0,2007-09-04 14:47:55.340000,earthquake_local,109C.TA_20070904144754_EV,50.70000076293945,50.29999923706055,51.70000076293945,50.90000025431315,19584.57705277348,130941.84375,6.685967401652752,8.355611186272437,0.1474563924015826,0.0635105850975162,29.37539049084045,3.5959230175970744,1.930704936422168,5.783333333333333,8.107295874152847,0.7624370882865483,0.2313255318596029,0.0039400011375797,1.2863487188202495e-06,19137.16008392072,133575.015625,6.979876587709134,9.93671864134947,0.315642961125076,0.073512252042007,41.28238392558639,3.6984261253466233,2.194025095631659,1.2666666666666666,8.063090562060037,0.612645616064714,0.3802520200040704,0.005237866816573,1.308944196012696e-06,11630.678630966724,76684.4609375,6.593292048610762,6.916088285373844,0.1965995360012205,0.0806801133522253,40.38218139501209,4.37163644451518,2.746141203418927,0.95,8.387897996187633,0.5453142591235923,0.4325988141761466,0.0149670464450069,2.539082109738045e-08,0.4247528,-0.0853240349201071,-0.043948928476508,-0.0096689551607066,2
TA,109C,BH,32.8889,-117.1051,150.0,900.0,manual,0.61,4.730000019073486,1250.0,manual,0.61,ci10276401,2007-09-04 20:41:14.940000,,32.7653333,-117.3468333,0.12,255.0,0.45,10.46,0.48,2.27,ml,CI,,0.2379,26.46,238.6,2585.0,2007-09-04 20:41:10.670000,earthquake_local,109C.TA_20070904204109_EV,28.5,25.89999961853028,22.200000762939453,25.53333346048991,507.3926617423825,4610.73583984375,9.087115734016567,15.576832253809126,0.6729478715978342,0.1016836139356559,66.25565252403534,4.931443309789277,1.7687956286525564,5.733333333333333,7.987670798311927,0.5190981630187377,0.4618519874662,0.0189301154548528,1.1171934813862669e-12,509.6487629515892,4455.2451171875,8.741795214777548,12.843697982757428,-0.2136811835683638,0.1035172528754792,73.76793151538993,5.253517235008682,1.797762982907959,6.016666666666667,7.874933925458239,0.4230712343101543,0.5469502724542178,0.0298084227249266,2.430464647073525e-12,342.47641609115306,2859.507568359375,8.349502137975808,11.776119930129422,0.0477277287507228,0.1225204200700116,62.42853957812756,6.484360611131479,2.298210464667985,7.05,8.465319341456867,0.222119588966011,0.7364055706630722,0.0411327616675413,4.7305456883719176e-14,0.47621813,-0.2891832126277621,-0.0200413441614334,-0.0624802479405861,2
TA,109C,BH,32.8889,-117.1051,150.0,500.0,manual,0.61,4.920000076293945,883.0,manual,0.66,ci10276409,2007-09-04 21:01:23.970000,,32.7581667,-117.3516667,0.13,259.0,0.46,11.13,0.69,2.19,ml,CI,,0.2451,27.26,237.7,1747.0,2007-09-04 21:01:23.890000,earthquake_local,109C.TA_20070904210122_EV,30.39999961853028,34.70000076293945,25.100000381469727,30.066666920979817,962.5094307965636,14060.701171875,14.608377561805808,58.60808726870207,1.1013345066382247,0.0968494749124854,236.26867841888347,4.561458821250166,1.2271329932701835,4.116666666666666,7.609599538858133,0.7334760503583345,0.2598169564310599,0.0066492966226881,5.392063285733045e-13,1119.3742675152987,18979.1484375,16.955140910670085,116.14594375268643,-1.304224543457713,0.0971828638106351,242.1728806383493,4.9291985820874205,1.1085356037192156,5.283333333333333,7.662632558744066,0.5125191127474626,0.4846661635996713,0.0027664613909504,5.643323805890439e-13,476.3500829024909,5481.8583984375,11.508045438001192,25.544798680336047,0.1167929438179939,0.1165194199033172,88.2557748101829,5.944275047560917,2.152963386586165,7.466666666666667,8.283134675382666,0.3351857450279669,0.6474836187847648,0.0169898658781438,1.0148169662786435e-11,0.32266766,-0.6173435860469149,0.1099927982931442,-0.1088665262194923,2
TA,109C,BH,32.8889,-117.1051,150.0,400.0,manual,0.69,4.869999885559082,780.0,manual,0.64,ci10276465,2007-09-05 04:20:31.700000,,32.7615,-117.348,,,,10.97,,2.6,ml,,,0.2408,26.78,238.0,1447.0,2007-09-05 04:20:32.570000,earthquake_local,109C.TA_20070905042031_EV,54.59999847412109,52.400001525878906,46.20000076293945,51.06666692097982,1955.6064960708304,26851.650390625,13.730599915972286,60.78060179221269,0.6422989904470767,0.0988498083013835,668.8373648909378,4.502575542478333,0.989003119628546,4.216666666666667,7.309525955621491,0.7799893342204335,0.2160846018705577,0.003909147466381,1.0214754636753421e-13,1902.7397827861407,30024.064453125,15.779385454989232,104.339123359811,-1.0090359687881942,0.1010168361393565,692.9891604724721,5.091390490656251,1.1174240962683564,4.783333333333333,7.626455503355675,0.4680059697239906,0.5276572803460474,0.0043173552072428,4.561517217134561e-13,935.9334105682508,12038.025390625,12.862053277183607,34.512529583894505,0.2751392911514277,0.1245207534589098,551.0535503922883,6.5774979488159255,1.8002506729233418,7.283333333333333,8.05296529425897,0.1822848294993297,0.8046107945713604,0.0129847846742027,1.52918055175261e-14,0.34301883,-0.5356874441575311,0.084547121705836,-0.1547265817572081,2
TA,109C,BH,32.8889,-117.1051,150.0,900.0,manual,0.61,4.639999866485596,1272.0,manual,0.61,ci10276473,2007-09-05 04:31:32.490000,,32.766,-117.3328333,0.15,272.0,0.61,10.9,0.8,1.44,ml,CI,,0.2276,25.31,237.2,2125.0,2007-09-05 04:31:28.130000,earthquake_local,109C.TA_20070905043127_EV,23.600000381469727,26.299999237060547,18.0,22.63333320617676,177.10556615891278,2776.404052734375,15.676548811815271,77.40545395698848,1.2269836181900988,0.098349724954159,58.33749542806811,4.649909568976822,1.124457562751351,4.633333333333333,7.54849785805367,0.6894042258395577,0.3059194713565206,0.0038816255517739,7.220783579950042e-11,196.88286674230287,3344.189697265625,16.985681652242423,112.7412307361373,-1.533965920005441,0.103683947324554,90.27313091742916,4.949722817764155,1.077835017685116,4.8,7.595491465528158,0.5015162731232627,0.4954202523202729,0.0023779362142343,4.483872320088105e-13,92.25552767122484,1274.5045166015625,13.814939318796933,41.64192755925862,0.3121157749557048,0.1105184197366227,23.86305352517889,6.536523956127773,2.095364253308813,7.5,8.3801767796415,0.2389742941709073,0.743100991591162,0.0149679202976916,1.4382795733519552e-10,0.34837165,-0.6171802465012988,0.1407259064113998,-0.1985109185588181,2
TA,109C,BH,32.8889,-117.1051,150.0,900.0,manual,0.7,4.840000152587891,1257.0,manual,0.6,ci10276477,2007-09-05 05:11:12.580000,,32.7665,-117.351,0.11,258.0,0.53,11.21,0.5,1.97,ml,CI,,0.2403,26.73,239.3,2326.0,2007-09-05 05:11:08.420000,earthquake_local,109C.TA_20070905051107_EV,29.0,26.600000381469727,25.100000381469727,26.900000254313152,249.4522673507585,1883.3177490234373,7.549812110447873,10.859738284396249,-0.0313475018366297,0.1125187531255209,54.42312382396708,5.2187083908736,1.870187118143614,5.533333333333333,8.064018380509841,0.4017485156998187,0.5712062016848442,0.0266562777037722,3.3375160330817374e-13,262.3990087045394,2710.66015625,10.330298767638242,16.386685798318847,0.3156040033968645,0.1040173362227037,58.55635045262291,5.00803790027972,1.805200142649715,4.4,8.143561180881125,0.5011818148880053,0.4754231926023095,0.0229896474571546,1.0622873118640475e-11,186.5774502083877,1410.6614990234375,7.560728788221056,11.28080550064522,0.2537390114457844,0.1298549758293049,64.79325191810553,6.697468446251966,2.1694660690468126,6.283333333333333,8.329168394255356,0.1837075596869369,0.7456758284340876,0.0687879503087812,1.3193262038474263e-10,0.5153372,-0.0420530697263853,-0.0434328951555223,-0.030233769077332,2
TA,109C,BH,32.8889,-117.1051,150.0,700.0,manual,0.62,4.829999923706055,1065.0,manual,0.62,ci10276489,2007-09-05 07:32:58.160000,,32.7648333,-117.3536667,0.11,274.0,0.63,11.13,0.74,1.39,ml,CI,,0.2431,27.04,239.2,2860.0,2007-09-05 07:32:55.990000,earthquake_local,109C.TA_20070905073254_EV,18.700000762939453,19.200000762939453,16.0,17.96666717529297,69.30588873161005,528.2994384765625,7.622720783834461,12.143845176386751,-0.1825009317249766,0.104850808468078,15.956650597862932,5.302273217414525,1.9374787882990223,5.483333333333333,8.01494211929764,0.3955457370063562,0.572778485954491,0.028049042725564,1.4955151922460512e-10,64.68170859634176,467.360107421875,7.22553744426454,11.229293377682056,0.020436255309648,0.1081846974495749,20.93075900298313,5.4068101368080965,1.9169003018671524,5.5,7.851673538413113,0.3825294876742946,0.57789764745292,0.0356701593596637,9.820602969677036e-12,42.55631528909127,338.4612121582031,7.953254642912261,6.329911828228397,0.1617852765360559,0.1256876146024337,9.606144071041458,6.380281122794351,2.631683352599475,8.633333333333333,8.684532735702236,0.2641183087091157,0.6548417003481739,0.06483492166256,1.5707964354562262e-10,0.44890657,-0.2790240233082488,-0.0582936692811551,-0.1303540709499372,2
TA,109C,BH,32.8889,-117.1051,150.0,600.0,manual,0.65,13.119999885559082,1680.0,manual,0.57,ci10276705,2007-09-05 20:47:50.840000,,33.0851667,-117.9293333,0.52,147.0,0.9,6.9,,2.32,ml,CI,,0.7199,80.05,285.6,2232.0,2007-09-05 20:47:57.960000,earthquake_local,109C.TA_20070905204756_EV,30.100000381469727,26.200000762939453,23.799999237060547,26.70000012715657,542.229586463394,9975.1845703125,18.39660693429521,107.48164163028773,2.0155524030896994,0.0951825304217369,81.92010138643131,5.011219822545486,1.4022560675283728,5.4,7.905267463880116,0.4616948611563653,0.5296052534731882,0.0085886730214529,1.822812558561556e-12,452.2699808641492,6105.37158203125,13.499396025280648,53.32727522630052,0.511306901576412,0.1010168361393565,46.60467737972927,5.2547396619385855,1.5854713134598044,5.0,7.960297029450439,0.3793064976573969,0.6070154337044863,0.0135348502540871,3.0200813186915007e-12,256.92614740905594,3479.639892578125,13.543346707480646,37.84127250058253,0.475896421823437,0.1163527254542423,30.884279720746807,7.287741513226938,2.1032393371125853,8.666666666666666,8.358382693296988,0.1360158968794718,0.8202079166373304,0.0430592185924207,8.659647870575936e-12,0.36387244,0.4095521791828473,-0.0813396989736883,0.0339730347620421,2
TA,109C,BH,32.8889,-117.1051,150.0,500.0,manual,0.5,5.730000019073486,878.0,manual,0.5,12958631,2007-09-07 19:10:15.77,0.52,32.7575,-117.3613,0.8477,154.998,4.5982,8.68,,3.1,ml,,,0.25,28.07,58.6,1895.0,2007-09-07 19:10:16.500000,earthquake_local,109C.TA_20070907191015_EV,46.79999923706055,53.900001525878906,40.0,46.90000025431315,4451.469056707224,50819.7265625,11.416394434086358,26.609963022189685,0.3818410165161087,0.0901816969494915,168.11928062056242,4.322323526546445,1.51296496400929,4.15,7.833239932412068,0.7340375091605449,0.2588026221188648,0.0070995994061201,1.465063433727507e-13,5613.455456443317,71741.328125,12.78024359178852,39.69673359411596,-0.6943965752672201,0.0965160860143357,267.82924601489754,4.790638876515408,1.2951407562621275,5.066666666666666,7.578359967084397,0.4569000302754085,0.5378937501952199,0.0051717905354768,6.5387298823446426e-15,2694.8597455683903,22231.376953125,8.249548789944924,14.13891108658969,0.3901245798074295,0.1110185030838473,215.68988883916725,5.011223257244876,2.250862787977648,2.4166666666666665,8.41117780546,0.5094367308106592,0.4683670181673109,0.0219436155724501,1.6725133898721466e-12,0.37615386,-0.2874793404033803,0.0271193431571896,-0.1799417212079787,2
TA,109C,BH,32.8889,-117.1051,150.0,500.0,manual,0.5,5.480000019073486,867.0,manual,0.5,12958575,2007-09-07 21:47:31.46,0.6,32.7691,-117.3447,0.6239,129.377,4.9202,12.0,,2.8,ml,,,0.23,26.07,59.3,2238.0,2007-09-07 21:47:31.940000,earthquake_local,109C.TA_20070907214730_EV,39.59999847412109,38.29999923706055,33.20000076293945,37.03333282470703,1882.383293955509,22099.2734375,11.740049706381598,31.45733937622672,-0.0606693449934094,0.1013502250375062,209.1230645982436,4.654798631747259,1.5845962406157712,4.116666666666666,7.776514007878508,0.658511839860499,0.3308757155432463,0.0105772680318051,1.1830224523262632e-14,2005.764320224468,25055.833984375,12.49191329795465,41.8763511272654,-0.5990069136942033,0.103683947324554,229.9286604917564,5.094949817887176,1.552428335221166,5.6,7.851428174831138,0.4193163160678234,0.5652594734666477,0.0153944721211275,8.62429271207395e-15,1132.0862468796931,10208.080078125,9.017051577351962,16.251332853569075,0.1810629144076923,0.1308551425237539,196.6354895742221,6.050508530016301,2.277525629797265,7.1,8.433157108429958,0.2968957868558372,0.6631413486485334,0.039871776951387,3.527199263978907e-12,0.41156003,-0.3526817696683897,0.1029004524808697,-0.213938685511068,2
TA,109C,BH,32.8889,-117.1051,150.0,700.0,manual,0.68,4.769999980926514,1048.0,manual,0.68,ci10277849,2007-09-09 01:48:12.770000,,32.76,-117.3441667,0.14,255.0,0.42,10.64,0.58,2.24,ml,CI,,0.2388,26.56,237.3,2184.0,2007-09-09 01:48:10.540000,earthquake_local,109C.TA_20070909014809_EV,31.89999961853028,36.70000076293945,34.29999923706055,34.29999987284342,445.59289208096953,4053.958984375,9.097898679313644,16.899967391478228,0.1008353551766897,0.1038506417736289,114.54552675268856,4.867830088095748,1.901471669016879,5.7,8.132128487466186,0.4977065814470019,0.4840832264988488,0.0179674079658871,6.582057026440309e-13,565.2823028996763,4808.38427734375,8.506164535274898,15.15698673267563,-0.0810163799182402,0.1033505584264044,150.3490631446818,5.307105972626492,1.6244634469260704,5.783333333333333,7.885928617032427,0.3824538516698083,0.5962103551197658,0.0212549506450885,1.3562337503946976e-13,314.09521296676195,2416.962158203125,7.694998390373087,12.117553456966606,-0.0723886742299039,0.1246874479079846,122.89270146815952,6.315055826792323,2.3311911246541825,7.333333333333333,8.464782739943862,0.2487076974461587,0.7031655786463361,0.0477084381633302,5.595791017642801e-11,0.43637085,-0.3324446402143087,-0.0192383564604727,-0.074879283733266,2
TA,109C,BH,32.8889,-117.1051,150.0,500.0,manual,0.68,4.699999809265137,850.0,manual,0.62,ci10277853,2007-09-09 02:00:50.070000,,32.7666667,-117.3488333,0.16,257.0,0.56,10.3,0.86,1.7,ml,CI,,0.2387,26.54,239.1,2400.0,2007-09-09 02:00:49.770000,earthquake_local,109C.TA_20070909020048_EV,29.600000381469727,26.0,19.700000762939453,25.100000381469727,159.03499415091002,1240.23779296875,7.798521322872342,13.973254327276823,0.0864621999006051,0.0933488914819136,37.24000488661283,4.337713794664668,1.6674345899554086,5.7,7.993886065894138,0.6310362687388335,0.3629109003149018,0.0052074129937424,7.2481339429004675e-12,178.50638902590276,1259.59912109375,7.0563251431351945,10.625691520225152,-0.2267470403893318,0.0998499749958326,47.29307078513536,4.893626678506123,1.4960100020135398,4.916666666666667,7.8268732026412735,0.4979459948515597,0.4934032347018627,0.0078267858349518,1.1114778298474352e-11,97.87962906299131,615.1045532226562,6.284295916434258,7.754727237294361,0.0186352242960879,0.1095182530421736,26.44047652680723,5.422868851677813,2.2930808176144373,7.016666666666667,8.481275915438239,0.3900407994486606,0.5847424958761286,0.0211206932714713,9.626637452921331e-11,0.40941045,-0.1839273224778359,-0.1115513208857586,-0.0882229646240991,2
TA,109C,BH,32.8889,-117.1051,150.0,500.0,manual,0.5,4.179999828338623,899.0,manual,0.5,12959880,2007-09-09 13:11:49.03,0.3,32.7534,-117.3788,1.3008,134.84,3.2489,10.0,,3.7,ml,,,0.27,29.71,59.5,2239.0,2007-09-09 13:11:48.210000,earthquake_local,109C.TA_20070909131147_EV,76.0999984741211,75.5,68.80000305175781,73.46666717529297,20720.19797104064,297968.875,14.380599809734104,46.66350388985297,-1.10631877608932,0.0871811968661443,227.2621932111854,4.4012079092428325,1.3168331887736449,3.966666666666667,7.751556157917959,0.6199765989570013,0.3775527176223088,0.0021075476364273,2.767401425243384e-15,26118.238022189627,346089.09375,13.250859168063648,51.03435158228535,0.0541177902366104,0.0860143357226204,336.6668125097495,4.911112000297984,1.1430987237338623,5.5,7.41183287954694,0.3722854385605203,0.6263161012720027,0.001171797665116,4.228964495969692e-15,10711.177697567393,89909.7109375,8.394007967762436,12.555733549624808,0.2316023794097023,0.0976829471578596,244.30108998199688,5.240085511668048,2.1839813006359066,7.283333333333333,8.42424622688356,0.5081392739814169,0.4799372790397486,0.0110503349428821,2.568255981420866e-15,0.32128072,-0.6061675164287074,0.13499450896652,-0.2268230883994199,2
TA,109C,BH,32.8889,-117.1051,150.0,900.0,manual,0.64,4.670000076293945,1255.0,manual,0.64,ci10277973,2007-09-09 14:10:16.620000,,32.7645,-117.3398333,0.1,273.0,0.52,9.69,0.72,1.36,ml,CI,,0.2333,25.95,237.7,2678.0,2007-09-09 14:10:12.290000,earthquake_local,109C.TA_20070909141011_EV,19.299999237060547,22.600000381469727,17.5,19.799999872843426,84.78495500737789,1259.6964111328125,14.85754649540352,62.80959965602263,0.3680007741324623,0.1041840306717786,20.228369953805707,4.94536250194208,1.5545407078656284,4.15,7.879311779442871,0.5368773810809816,0.4506814607816423,0.0108055479924956,2.8780593401558718e-11,98.99625010976472,1471.145751953125,14.860620986370222,74.50191234387607,-0.5861331967032509,0.1008501416902817,26.84195329347245,5.048976851733283,1.2876947608521794,5.2,7.657346332279587,0.4023352260705035,0.5888339014612902,0.0075104494378058,2.1984261259121328e-10,54.29494816262556,431.2708435058594,7.94311180137987,10.698416599455648,-0.0563327609798576,0.1071845307551258,11.824464846691376,5.554620930531348,2.470576020492374,2.05,8.392175653741877,0.3610903134923406,0.5994194612425878,0.0272602801712948,1.6475193313308455e-09,0.41656116,-0.4864765526441428,0.1465056305546448,-0.1847774510447287,2
TA,109C,BH,32.8889,-117.1051,150.0,400.0,manual,0.68,4.519999980926514,755.0,manual,0.68,ci10278001,2007-09-09 15:14:55.650000,,32.7686667,-117.3333333,0.14,255.0,0.47,9.56,0.72,1.7,ml,CI,,0.2265,25.19,237.9,1646.0,2007-09-09 15:14:56.170000,earthquake_local,109C.TA_20070909151455_EV,34.70000076293945,40.5,30.200000762939453,35.13333384195963,366.4974595562288,6295.8564453125,17.178444982772323,93.8488983945743,0.7460493315438436,0.100516752792132,316.1536539882589,4.827185493188863,1.2999613675252306,4.6,7.687744380563494,0.6668459836265043,0.3245063478751852,0.0085728107234596,9.422290143028567e-12,430.1337355243501,6603.578125,15.352383641682922,87.04086265861802,-0.6372169587341406,0.0996832805467577,397.7495306056006,4.942949332613321,1.1226108861142166,5.466666666666667,7.540147754464066,0.4800352729161016,0.5147190318836548,0.0051508357471509,2.041882863770972e-12,184.0001569539716,1628.056640625,8.848126368893617,17.58047062873763,0.1803527590750758,0.1258543090515085,123.08559703185028,6.239891327906143,2.0673839375176586,7.3,8.281355651234442,0.2542819695792007,0.7047877862439178,0.0404092665039846,1.1229875086316905e-12,0.3256077,-0.6551007774795886,0.1247659625034669,-0.2445054495726131,2
TA,109C,BH,32.8889,-117.1051,150.0,600.0,manual,0.67,4.449999809265137,952.0,manual,0.58,ci10278021,2007-09-09 17:08:31.820000,,32.7696667,-117.3271667,0.12,271.0,0.46,9.49,0.48,1.46,ml,CI,,0.2216,24.64,237.4,1626.0,2007-09-09 17:08:30.270000,earthquake_local,109C.TA_20070909170829_EV,28.89999961853028,30.5,21.89999961853028,27.099999745686848,134.45275902513407,2197.328125,16.342752212241624,77.41852236295296,1.9586977050624808,0.0926821136856142,46.30023981329636,4.830082383681202,1.5163131755364492,4.666666666666667,7.916050319772469,0.6842285767602853,0.3074384947825276,0.0072039057136125,2.958223741756088e-12,153.3238275355985,2193.1015625,14.303723026943148,76.44884440492008,-0.699823470687742,0.0980163360560093,78.1699792510023,5.106992537576064,1.1928454122047984,5.466666666666667,7.468558754164141,0.4024476625039682,0.5896761043243078,0.007081140555941,2.715206609656067e-11,88.13440997589043,1003.117431640625,11.381677507287248,31.02432238241895,0.0564541220120632,0.1203533922320386,40.25447130908108,6.782333312675744,1.9869352124426467,6.416666666666667,8.290748663211183,0.1545614560582632,0.8159791582370353,0.0250329706062721,7.247596684793799e-12,0.43218854,-0.4458316969741203,0.13169166027818,-0.2633081824653505,2
TA,109C,BH,32.8889,-117.1051,150.0,800.0,manual,0.75,4.510000228881836,1153.0,manual,0.69,ci10278045,2007-09-09 19:35:20.680000,,32.7683333,-117.3295,0.13,255.0,0.45,10.34,0.59,1.78,ml,CI,,0.2239,24.91,237.3,2083.0,2007-09-09 19:35:17.190000,earthquake_local,109C.TA_20070909193516_EV,32.900001525878906,36.29999923706055,25.799999237060547,31.666666666666668,412.8813827490849,7262.7177734375,17.590325156053787,111.32668959271224,0.9267394407712723,0.1045174195699283,229.9240303354393,4.815648284724393,1.1790353662173838,4.583333333333333,7.729855385463357,0.6247649788818979,0.3714938658361196,0.0036370707473653,4.048290569530633e-13,466.9079028664659,7128.3466796875,15.267136486499314,94.32103349353544,-0.8538684004198279,0.1010168361393565,285.67843822515994,4.948551669555321,1.0898182675757253,5.466666666666667,7.613844816948462,0.4415514168729145,0.555816789224519,0.0025881987542215,1.797697461605847e-14,186.06633541832167,2062.471923828125,11.084605494009404,20.0109671783688,0.0970577788637523,0.1213535589264877,93.53045229687744,5.832414964831253,1.944098260310831,7.3,8.218479520784005,0.3002489487494366,0.6780168292419495,0.0211302894363053,1.312131762431624e-11,0.29852924,-0.6254026620596138,0.1418454938432352,-0.2380763904231794,2
TA,109C,BH,32.8889,-117.1051,150.0,600.0,manual,0.6,4.78000020980835,953.0,manual,0.6,ci10278117,2007-09-10 04:35:26.510000,,32.7613333,-117.342,0.12,258.0,0.52,10.6,0.72,1.96,ml,CI,,0.2366,26.31,237.3,1733.0,2007-09-10 04:35:25.290000,earthquake_local,109C.TA_20070910043524_EV,42.59999847412109,47.20000076293945,37.0,42.26666641235352,610.3287375691739,10489.048828125,17.18590029022873,95.85779153971538,1.451385611568602,0.1056842807134522,330.248614366524,4.848075140970802,1.3327433328944065,4.65,7.70395264784377,0.6423207359618098,0.3436082337422774,0.0140240393086732,1.2992502809096008e-11,741.9378562609628,13859.857421875,18.68061766213484,146.05196131647344,-1.3978990312579231,0.1053508918153025,321.4722043714956,4.996057613568135,1.103079547153084,5.2,7.670393060997643,0.4703069065557191,0.5245777746072079,0.0050914415090072,1.1548537579956821e-12,297.4955462519462,3903.97509765625,13.122801826249894,46.3269200959129,0.3120880021125514,0.1286881146857809,208.17304842041565,6.6107265854439845,2.033714028068145,7.283333333333333,8.473835600368346,0.2225196543613866,0.7515834668860923,0.0255785209146721,4.732288471556536e-11,0.3096606,-0.6979511762282274,0.1793773727407639,-0.2317954843677412,2
TA,109C,BH,32.8889,-117.1051,150.0,400.0,manual,0.63,10.789999961853027,1193.0,manual,0.59,ci10278153,2007-09-10 08:42:55.480000,,33.454,-116.8846667,0.27,44.0,0.21,10.77,0.71,2.06,ml,CI,,0.5931,65.96,18.1,2447.0,2007-09-10 08:43:02.270000,earthquake_local,109C.TA_20070910084301_EV,30.89999961853028,29.600000381469727,31.100000381469727,30.53333346048991,116.84578133951736,1275.639404296875,10.917291062398435,24.03988991932504,-1.2868284865076995,0.109184864144024,31.80240464204081,5.374765048189198,2.164511761187291,5.15,8.342088263064335,0.4860967725447746,0.470193783197004,0.0430126759557732,7.782289797562916e-12,118.40953649881752,1073.9276123046875,9.069604054361044,14.232360576102622,-0.1126115810614287,0.1110185030838473,32.45886606854196,5.957640365309231,1.9785697726724527,5.266666666666667,8.210323408087666,0.2811224934054487,0.6808939883673562,0.0365983851529044,1.3546102105807212e-11,99.91661038549606,960.0123291015624,9.608135478151873,24.62125242658788,0.3220611527083781,0.1320220036672778,41.09455738378367,6.797355427860041,1.9727653067642343,7.383333333333333,8.255699025595364,0.1677491289320134,0.7918876027461225,0.0388948318162068,5.502873982979942e-12,0.60062534,-0.0313885629467847,-0.0939416282046094,0.1894162928027543,2
TA,109C,BH,32.8889,-117.1051,150.0,500.0,manual,0.71,4.489999771118164,850.0,manual,0.61,ci10278573,2007-09-10 23:23:32.800000,,32.7706667,-117.3261667,0.11,255.0,0.43,10.15,0.52,2.18,ml,CI,,0.2203,24.5,237.5,1542.0,2007-09-10 23:23:32.290000,earthquake_local,109C.TA_20070910232331_EV,41.09999847412109,41.09999847412109,29.5,37.23333231608073,1171.6537250363135,20914.62890625,17.850520558539415,99.64764141752696,1.293025557829118,0.1021836972828804,542.9080909021986,5.009586953549038,1.0719718383300862,5.683333333333334,7.517545807610286,0.5291050063608201,0.4680464437337421,0.0028353342116099,4.5859760389834724e-14,1240.2635774769517,21122.38671875,17.03056277901745,115.8505264327702,-1.1938871928353578,0.1051841973662277,812.3190138895864,5.036694959259934,0.9981679475715536,5.433333333333334,7.458058832142474,0.4265657808428527,0.5713369718679544,0.0020820589839313,6.407955785071626e-13,543.3617473442838,6165.98681640625,11.347848549410989,34.70510025033838,0.1432170074134897,0.1225204200700116,295.3429606637068,6.496231660037668,1.7638813527585882,7.183333333333334,8.148490967840928,0.1686884548387991,0.8170945471967828,0.01412198279561,4.794953675785181e-12,0.31846815,-0.5671716748689652,-0.0207263085137745,-0.0787646677735531,2
TA,109C,BH,32.8889,-117.1051,150.0,500.0,manual,0.59,10.09000015258789,1227.0,manual,0.63,ci10278585,2007-09-11 01:28:13.380000,,32.4735,-116.6991667,0.15,228.0,0.61,3.57,0.68,1.88,ml,CI,,0.5374,59.76,140.7,2037.0,2007-09-11 01:28:18.470000,earthquake_local,109C.TA_20070911012817_EV,29.5,25.700000762939453,22.100000381469727,25.766667048136394,253.146808933725,4893.66015625,19.33131283330213,82.09661457217172,2.677204900280234,0.1056842807134522,83.95277291152681,5.607057316249624,1.726695708734641,4.933333333333334,7.85889467559764,0.4475873167693736,0.502572478117506,0.0493353791699448,1.5283874012617025e-12,214.97353276567128,2782.145263671875,12.94180370894547,31.97827572768124,0.3160810421670446,0.1001833638939823,50.45030383765111,5.739481303878097,1.708065704411755,4.916666666666667,8.213411276410607,0.3450193446523666,0.6364787769580443,0.0179532850835018,3.102418210505884e-12,156.87804787194895,1773.9771728515625,11.308001322782674,27.09655855440318,0.1582036226682064,0.1281880313385564,44.00898654135631,6.699472861197816,2.031094339225453,7.033333333333333,8.460846742583653,0.2017813906278935,0.7556020581429985,0.0410751873193878,1.0319585641779668e-10,0.47236797,-0.0912273770484051,0.0854252966645251,-0.1069457008282164,2
TA,109C,BH,32.8889,-117.1051,150.0,500.0,manual,0.61,4.5,852.0,manual,0.61,ci10278633,2007-09-11 07:10:13.800000,,32.7711667,-117.3275,0.1,271.0,0.61,10.3,0.73,1.22,ml,CI,,0.221,24.58,237.7,1528.0,2007-09-11 07:10:13.300000,earthquake_local,109C.TA_20070911071012_EV,26.200000762939453,25.700000762939453,18.299999237060547,23.400000254313152,77.18122173489742,1281.43603515625,16.60295090375396,73.96388801252763,1.5974652461538952,0.1001833638939823,24.545617715016373,4.93264758257568,1.5182906805241727,4.216666666666667,7.940385922500917,0.6101942558481989,0.3749311432008837,0.0093149458366048,4.021715753424624e-12,75.04851427531966,1175.701171875,15.66588203947482,86.6359505668208,-0.0089944099884854,0.0978496416069344,25.635062833715743,5.180635859509963,1.304500476132397,5.416666666666667,7.656722918931799,0.3515191478349983,0.6346586336946334,0.0075602384962981,1.9756551490733155e-11,51.42699366781402,664.0902099609375,12.91326135551578,40.17029428688186,-0.3442708693834858,0.1088514752458743,17.141595604551014,6.618557105676296,2.054575613426292,7.183333333333334,8.152463022740891,0.1417306165649546,0.8219685070443552,0.0186440709552777,1.240713324305866e-09,0.47770965,-0.3617115469433817,0.0596846345889499,-0.1531460672826542,2
TA,109C,BH,32.8889,-117.1051,150.0,400.0,manual,0.5,4.619999885559082,763.0,manual,0.5,12962350,2007-09-12 07:37:37.37,0.4,32.7082,-117.3603,1.2098,134.869,3.4889,10.0,,2.7,ml,,,0.28,31.19,50.0,2053.0,2007-09-12 07:37:37.990000,earthquake_local,109C.TA_20070912073736_EV,48.20000076293945,48.29999923706055,43.0,46.5,1382.2367721144924,15897.6552734375,11.501398019615612,29.92185631479169,0.3594981257439087,0.085347557926321,149.6986619692149,3.9235691512232487,1.5679116111302418,3.583333333333333,8.001383917669418,0.7947527892766172,0.1982429524173901,0.0068866651647443,8.27694372573066e-14,1537.3863893565058,13690.501953125,8.905049535956506,15.15087226568967,-0.1279030825379676,0.0870145024170695,226.6577079663221,4.583641032891785,1.5018952468403606,5.45,7.830253299781328,0.5181797894697739,0.4767556990274068,0.004989660750486,1.6730515224265053e-14,841.6174266612977,6377.53271484375,7.577709910479714,9.89434810667776,0.0640565908867675,0.1083513918986497,250.8952100469725,5.356482086426167,2.500388229357128,3.183333333333333,8.336867388849154,0.4390070274155926,0.5391499346475526,0.0215888834212977,3.3500328585164417e-14,0.40709016,-0.097198038482808,-0.0146168869435213,-0.0988822171087963,2
TA,109C,BH,32.8889,-117.1051,150.0,900.0,manual,0.71,4.579999923706055,1225.0,manual,0.61,ci10279289,2007-09-12 08:11:35.210000,,32.7685,-117.3375,,,,9.83,,2.5,ml,,,0.2296,25.53,238.3,2290.0,2007-09-12 08:11:30.790000,earthquake_local,109C.TA_20070912081129_EV,44.59999847412109,42.70000076293945,38.5,41.93333307902018,1222.086912516304,15752.287109375,12.889661895601757,39.08426871079828,-0.0983066167453433,0.0990165027504584,165.03365214653493,4.444907215608452,1.4341392107356057,4.55,7.914378956520456,0.6813524076211945,0.3118643004026354,0.0067150817104002,8.281885586849424e-15,1272.4250601034669,17361.28125,13.644246560648744,55.39808846068021,-0.4609119762889085,0.102683780630105,168.5417563973584,4.833616376611922,1.39406738071756,4.583333333333333,7.857107599766807,0.5108986845199192,0.4840178959771454,0.0050332825147373,6.136424928023883e-15,712.151699057102,5156.017578125,7.24005515250702,13.3557719683621,0.1996915429527431,0.1185197532922153,147.9108408037796,5.920296288714844,2.314340756424476,6.166666666666667,8.442067335912368,0.3324183476653559,0.6522621385893547,0.0151379300774731,1.2607906802176354e-13,0.4036579,-0.3768451924762872,-0.0066871349399012,-0.1036018833186781,2
TA,109C,BH,32.8889,-117.1051,150.0,800.0,manual,0.5,5.380000114440918,1144.0,manual,0.5,12962332,2007-09-12 08:11:34.42,0.54,32.7608,-117.3599,0.879,154.694,4.5905,3.85,,2.5,ml,,,0.25,27.77,59.2,2189.0,2007-09-12 08:11:31.800000,earthquake_local,109C.TA_20070912081130_EV,44.400001525878906,43.09999847412109,39.29999923706055,42.26666641235352,1222.1161454685764,15730.37109375,12.87142073368056,39.08023510570019,-0.0982419807538815,0.0988498083013835,188.2802304015287,4.44490055901221,1.434184123925824,4.55,7.91423599157413,0.681324864661832,0.3118913576797898,0.0067155072233178,4.735539729244042e-14,1272.509592182723,17544.419921875,13.787259467161446,55.38241623759103,-0.460564603693288,0.1031838639773295,189.9817152211629,4.8336011800461804,1.3940668171281978,4.583333333333333,7.857038101212642,0.5109728234749915,0.483943191006923,0.0050335503059986,6.283999556924418e-13,712.1769814339626,5132.8291015625,7.207238137952156,13.353544801467734,0.200020821679639,0.1181863643940656,163.2301362806194,5.920233554830247,2.3143466185384995,6.166666666666667,8.441827458756414,0.3324351610225224,0.6522455969363369,0.0151359442763301,1.692396113578445e-13,0.40365368,-0.3768019189984968,-0.0066952528643067,-0.1035978107500156,2
TA,109C,BH,32.8889,-117.1051,150.0,900.0,manual,0.65,8.90999984741211,1557.0,manual,0.61,ci10279953,2007-09-13 13:11:07.590000,,33.114,-116.6081667,0.2,42.0,0.3,14.96,0.41,2.03,ml,CI,,0.4741,52.72,61.8,2136.0,2007-09-13 13:11:07.500000,earthquake_local,109C.TA_20070913131106_EV,17.600000381469727,22.0,14.100000381469728,17.900000254313152,139.48972252185337,1241.4820556640625,8.900168651992004,15.467745163441524,-0.4160838206566851,0.1096849474912485,8.694128919052085,5.285687137006753,2.0512855289371075,3.9,8.309376896573939,0.5134653232846724,0.4563561606322767,0.0283848908801712,1.7057129351010232e-11,233.01327229468333,3125.537841796875,13.413561429428457,49.957965605889335,0.1921184745299738,0.1008501416902817,19.184171641753267,5.46963974374663,1.5298038492582875,5.466666666666667,7.785199446977386,0.2669681598243649,0.7174470960952047,0.0151540787372477,3.742505874133836e-12,130.47516670387574,1073.4454345703125,8.227201096485942,12.77719710416543,-0.1485790822296968,0.1215202533755625,9.464715101063495,6.927399367401925,2.175933475864154,8.183333333333334,8.15330331833835,0.2048613485531359,0.764462259760681,0.028047180155395,1.3652525352106108e-12,0.48044014,-0.1257468642939988,0.1057057309943405,0.0907307933527855,2
TA,109C,BH,32.8889,-117.1051,150.0,400.0,manual,0.5,5.190000057220459,723.0,manual,0.5,12964285,2007-09-14 04:24:47.00,0.35,32.7445,-117.3604,1.0921,132.03,2.9808,10.0,,3.0,ml,,,0.26,28.78,56.1,2092.0,2007-09-14 04:24:48.190000,earthquake_local,109C.TA_20070914042447_EV,48.70000076293945,44.400001525878906,47.400001525878906,46.833334604899086,3003.1876103193645,32969.8203125,10.978275282973057,21.62111526934608,-0.6732683589609041,0.0978496416069344,193.88386241516235,4.656980254235906,1.5310521129696193,5.616666666666666,7.891896371396196,0.5640476544076091,0.4274511522255103,0.0084600708051933,1.017780636419891e-13,2546.192445423061,18671.005859375,7.332912283569645,13.11243572331546,0.5908778197988964,0.1031838639773295,124.77738620298072,4.7939635615105525,1.804270174284252,5.683333333333334,8.124754784362196,0.5053738217357181,0.4796373602204674,0.0149289021330463,1.4540348736655365e-13,1755.4243785076562,16097.6708984375,9.17024458331988,12.741179353081488,0.070065147261208,0.1256876146024337,217.09541141132635,5.677984160921555,2.402869411839979,7.216666666666667,8.501953282643862,0.4104946009808792,0.5533603612033058,0.036072867005892,3.217145987366453e-13,0.44584614,-0.0133916449700111,-0.076263126929405,-0.1360539914255271,2
TA,109C,BH,32.8889,-117.1051,150.0,700.0,manual,0.62,15.6899995803833,1837.0,manual,0.58,ci10280509,2007-09-14 18:40:16.770000,,32.6853333,-116.1003333,0.27,83.0,0.32,9.76,0.65,1.85,ml,CI,,0.8704,96.79,103.8,3199.0,2007-09-14 18:40:25.460000,earthquake_local,109C.TA_20070914184024_EV,7.0,11.100000381469728,2.5,6.866666793823242,102.75374333033996,719.3115844726562,7.000344329648048,4.767595510002785,0.2335775523529074,0.0975162527087847,2.4020985517262856,4.822567817184376,1.9650638553356208,4.666666666666667,8.128864100678912,0.6186350366879817,0.3558993137907476,0.0224817343318322,1.1320199601984379e-10,104.85059232722088,692.5123901367188,6.604754200868082,4.836612271432933,-0.0037034481970641,0.0958493082180363,2.99232473881882,4.792739762500392,1.8275077561537625,4.916666666666667,7.985251510392719,0.6515522324310645,0.324542569043295,0.0215055260846355,1.864952476179713e-11,94.08905171205144,1285.2589111328125,13.660026195887248,27.74784116718345,0.1911312725217149,0.1090181696949491,4.378294544900804,5.750921889610361,2.429992801709734,3.1666666666666665,8.532801807999881,0.3845509213977343,0.5638585366319043,0.0453515968884468,2.7477398615837816e-12,0.6409077,-0.0388488106756536,0.0846654692543114,-0.0432468350921705,2
TA,109C,BH,32.8889,-117.1051,150.0,500.0,manual,0.58,4.130000114440918,848.0,manual,0.58,ci10280717,2007-09-16 01:38:21.960000,,32.7851667,-117.3206667,0.32,271.0,1.33,11.59,1.28,1.22,ml,CI,,0.2089,23.23,240.1,2392.0,2007-09-16 01:38:21.090000,earthquake_local,109C.TA_20070916013820_EV,17.399999618530273,15.800000190734863,12.800000190734863,15.333333333333334,62.1160088132068,509.3041076660156,8.199240701339619,9.265843247876289,-0.0272887588945286,0.1088514752458743,12.072120444060465,5.13278916265495,2.016299073935438,5.816666666666666,8.289689820522659,0.454719581565558,0.5154783093561905,0.0257665706936844,2.6374786997099254e-13,57.8677541273184,409.1614074707031,7.070628774886995,8.23307787162615,0.2471741853606739,0.1086847807967994,11.971430464203868,5.300409369145587,1.9735988167239256,5.083333333333333,8.249752246333241,0.3894824746053611,0.5848982727849895,0.0220835067535243,1.7482077230773824e-11,43.32709772855334,285.23809814453125,6.583364986308653,5.354208448162199,0.013913529560366,0.1333555592598766,5.828511302153784,6.287681193212435,2.6701503638733364,6.983333333333333,8.650923513552799,0.2930892840961904,0.6392461568327235,0.0580075077877045,3.3890795848430255e-11,0.510364,-0.0526504014024389,-0.0416006355885852,-0.095426802239198,2
TA,109C,BH,32.8889,-117.1051,150.0,500.0,manual,0.58,8.90999984741211,1150.0,manual,0.58,ci10281117,2007-09-18 20:02:15.050000,,33.3123333,-116.8351667,0.23,40.0,0.26,7.79,1.01,2.42,ml,CI,,0.4792,53.29,28.2,1766.0,2007-09-18 20:02:18.960000,earthquake_local,109C.TA_20070918200217_EV,27.299999237060547,28.0,31.89999961853028,29.06666628519694,555.7369730631638,7409.7763671875,13.33324347009988,32.073016400699224,-0.9116499536408074,0.1143523920653442,35.04367778746205,5.871549742269442,2.12952533450605,4.833333333333333,8.295734773645496,0.4385082224945805,0.5125413972432502,0.0488857491943852,1.3851962840151453e-12,668.1474823614326,9324.8251953125,13.95623786885462,50.21707453247048,-1.5090915163915954,0.1140190031671945,55.52074375611063,5.5894917321981,1.907696514337276,4.233333333333333,8.191423036290885,0.3683647849857567,0.6050599336394484,0.0265383469507935,3.17980008528287e-12,460.913254241512,6631.69482421875,14.388162551610714,55.86849983627306,0.8009256271270243,0.1328554759126521,47.8034689242213,7.023236816459729,1.8066858136460504,6.85,8.329188853603142,0.1050488399965471,0.8494940644384504,0.0453045203796208,7.959274710477066e-13,0.5303586,0.0415933230980696,-0.054352789209818,0.2578566721490679,2
TA,109C,BH,32.8889,-117.1051,150.0,600.0,manual,0.53,15.220000267028809,1757.0,manual,0.56,ci10283169,2007-09-29 22:37:00.900000,,33.6896667,-116.7351667,0.24,30.0,0.22,16.81,0.44,1.95,ml,CI,,0.8566,95.26,21.2,2310.0,2007-09-29 22:37:10.120000,earthquake_local,109C.TA_20070929223709_EV,20.39999961853028,20.89999961853028,12.800000190734863,18.03333314259847,125.157236141131,1887.899169921875,15.084219084168843,72.91547720540119,0.0969598522230979,0.0881813635605934,24.45326692605156,4.644115409991136,1.478178857239162,4.3,7.830743472318247,0.6781446916925675,0.3091866534138602,0.0117241067939689,4.434676423534753e-13,88.37830470741909,1258.578125,14.240804110992936,41.24807819582369,0.4911545709352762,0.0926821136856142,9.203357853182943,5.0585123757206185,2.026864006597171,5.15,8.350971726654377,0.4858886377023059,0.4882940004955134,0.0237446049644255,4.1310183433233414e-13,63.32168217193367,707.3623657226562,11.170934527639307,21.9554615853162,-0.2148055992634057,0.1088514752458743,9.44977984549054,6.496841951221349,2.629738654750827,2.1666666666666665,8.54996377326918,0.2657683150249242,0.6674701223337826,0.0597390315547223,8.789335742060082e-11,0.4132845,0.3482537222490315,-0.0384054902504423,0.1532896208530582,2
TA,109C,BH,32.8889,-117.1051,150.0,400.0,manual,0.61,15.119999885559082,1478.0,manual,0.58,ci10283201,2007-09-30 01:03:34.570000,,33.6856667,-116.7571667,0.3,21.0,0.19,14.12,0.26,2.11,ml,CI,,0.8464,94.12,20.1,2134.0,2007-09-30 01:03:45.690000,earthquake_local,109C.TA_20070930010344_EV,33.099998474121094,31.600000381469727,22.200000762939453,28.96666653951009,206.0954191801915,2731.123779296875,13.251744217124124,59.06222847404501,0.6374427346517231,0.1016836139356559,105.821722733689,4.93378625595861,1.1616290916086822,5.083333333333333,7.346573672103733,0.5430915248011633,0.4492363283764597,0.0072768430012853,3.5253704057121694e-11,172.97453546752166,1967.0364990234373,11.371827036314114,37.464116865727576,-0.1027445665665443,0.1060176696116019,48.13506497631631,5.303534632364106,1.6064317471789586,5.316666666666666,7.785924068709023,0.4153361553488163,0.5596093022099844,0.0244808566011344,3.061136477925624e-11,94.08062975704784,897.9059448242188,9.544004404976404,19.09143093237787,0.2019025815273097,0.1216869478246374,26.39169685947559,6.387835163527663,2.383807672466544,3.616666666666666,8.478475458606168,0.3088096576061191,0.6415648715060961,0.0471455657791331,1.3839680174528318e-10,0.34965873,0.3515658590042894,0.1058899249059154,0.1207554702160141,2
TA,109C,BH,32.8889,-117.1051,150.0,900.0,manual,0.64,12.90999984741211,1812.0,manual,0.64,ci10283301,2007-09-30 22:27:36.210000,,33.4465,-116.5893333,0.26,34.0,0.21,10.53,0.43,1.91,ml,CI,,0.7045,78.35,37.9,2501.0,2007-09-30 22:27:40.120000,earthquake_local,109C.TA_20070930222739_EV,20.600000381469727,22.200000762939453,16.0,19.600000381469727,122.55912864262535,1340.44970703125,10.93716740545632,27.633341263254604,-0.3389253831087111,0.1021836972828804,24.20662175670246,5.221615242896511,2.189048817234234,4.6,7.999551667149597,0.6842480079503312,0.2674811210044684,0.0467586898506023,2.300690476611256e-11,125.53039548304216,1469.9818115234375,11.710166337538675,27.286661615652715,-0.2267245298629895,0.1000166694449074,23.149104539810725,5.2520858153402346,1.9416791533441984,4.666666666666667,8.22285058558899,0.5152312396405802,0.4595212462017389,0.023726280446418,1.4373710152576882e-12,80.8201274795476,819.1952514648438,10.136030182235857,14.965245041073874,-0.1165977195859548,0.1276879479913319,15.776125126661222,6.5676859180855685,2.4310048120333976,8.333333333333334,8.54181826540923,0.2710520824027889,0.6740528167810727,0.0485712911062202,7.332890774616082e-11,0.46067533,-0.1462333443215474,-0.1193133317528507,0.2104886859423601,2
TA,109C,BH,32.8889,-117.1051,150.0,800.0,manual,0.61,12.789999961853027,1725.0,manual,0.58,ci10283317,2007-10-01 00:39:13.030000,,33.4501667,-116.5875,0.2,47.0,0.28,9.82,0.65,1.72,ml,CI,,0.7084,78.78,37.8,2381.0,2007-10-01 00:39:17.820000,earthquake_local,109C.TA_20071001003916_EV,18.5,20.100000381469727,15.100000381469728,17.900000254313152,66.52100683255809,638.1209716796875,9.592773802806684,16.865374019763063,-0.4330473073471986,0.104850808468078,9.335968267315222,5.303008962026372,2.265770644420934,4.616666666666666,8.272177692011796,0.5962978725415174,0.3592025112505814,0.0414275949535347,1.3633352212954684e-10,81.15152726412731,1045.0118408203125,12.877291112699188,32.4841189127661,-1.1080820877838906,0.1080180030005,20.43061477840916,5.069008907890682,1.9091274130090463,4.666666666666667,8.147634619411681,0.6004357631805911,0.3772834646220082,0.0207740410274671,9.242928309590104e-11,51.73361222204242,513.150146484375,9.919085956764764,14.371847502643387,-0.0827767080102003,0.1260210035005834,10.901731936484625,6.384057414433132,2.486238017160688,8.333333333333334,8.529747095429862,0.2884110819913096,0.6613861829656995,0.0398211908102776,8.78909667808757e-12,0.4930228,-0.0682702377635575,0.0708554210904015,0.205298767590615,2
TA,109C,BH,32.8889,-117.1051,150.0,400.0,manual,0.64,4.739999771118164,755.0,manual,0.64,ci10283429,2007-10-01 22:42:07.750000,,32.7653333,-117.3418333,0.1,275.0,0.52,11.92,0.81,1.94,ml,CI,,0.2343,26.06,238.1,2220.0,2007-10-01 22:42:08.490000,earthquake_local,109C.TA_20071001224207_EV,21.299999237060547,22.299999237060547,18.700000762939453,20.76666641235352,210.55588214008023,1764.0916748046875,8.378258811269205,9.714552093616886,-0.1503393300454147,0.0970161693615602,21.78964350111776,4.782887354258744,1.722678960729245,5.766666666666667,7.9986466154159,0.5292334537695847,0.4588521458621632,0.0116125495426863,1.0252430957542265e-12,202.25733165760064,1562.6861572265625,7.726227496524171,8.783015323037652,0.2844243742331085,0.0981830305050841,16.92731326854717,4.771639565802136,1.8615069102288373,5.066666666666666,8.02611842143495,0.4685247347293044,0.5149202289144508,0.0162996608603795,2.927588310222299e-11,148.05826728085134,969.0317993164062,6.54493543057783,6.05420549593987,0.0485959629217665,0.1103517252875479,15.245590173174165,5.728488727478186,2.3514716656670327,3.183333333333333,8.48633343390399,0.4016253853755991,0.5676457871702302,0.0298756573493826,3.4277561085861044e-10,0.5071148,0.0041200601830781,-0.0128605546699303,-0.0697138810558366,2
PB,B081,EH,33.711167,-116.714167,1467.0,400.0,manual,0.64,13.4399995803833,1416.0,manual,0.59,ci14297248,2007-06-10 11:51:13.450000,,33.2425,-116.0395,0.39,40.0,0.4,3.54,1.13,1.67,ml,CI,,0.7324,81.45,130.0,2809.0,2007-06-10 11:51:22.890000,earthquake_local,B081.PB_20070610115121_EV,3.900000095367432,31.89999961853028,31.5,22.4333332379659,11.313161333295978,61.48045349121094,5.434418521926904,1.1446003710025885,-0.1880186179122423,0.5249208201366895,0.9576180189380749,24.434048900468333,12.754662379161784,36.0,8.036009608749268,0.1094891735045801,0.074083104425457,0.1704232000784785,0.6452929398640025,29.770878923345915,252.9741058349609,8.497367729260493,10.363810308224918,-0.0434710502118268,0.3028838139689948,214.7559945782237,13.173276380472643,7.826971716616455,9.433333333333334,10.123482082800654,0.107448037416744,0.3290193109565781,0.3800420726725748,0.1834884452736667,25.898456510361303,203.09353637695312,7.841916613667716,10.010431626076594,-0.1706992597861197,0.2973828971495249,147.102989559679,13.094919547400826,7.934802378619414,9.083333333333334,10.136834832828413,0.1273012200037049,0.3370831494442637,0.3573602887650923,0.1782502398130926,0.81319034,-0.0049305812674797,0.011711450310127,-0.175931056089495,2
PB,B081,EH,33.711167,-116.714167,1467.0,800.0,manual,0.56,16.459999084472656,1990.0,manual,0.54,ci10255481,2007-06-17 20:31:08.710000,,32.7946667,-116.6596667,0.25,81.0,0.28,15.96,1.1,2.03,ml,CI,,0.9152,101.77,177.2,2956.0,2007-06-17 20:31:17.170000,earthquake_local,B081.PB_20070617203116_EV,0.699999988079071,31.0,27.39999961853028,19.69999986886978,7.856395464799833,39.74250411987305,5.058618077200575,0.2972404970977274,-0.0567350344352153,0.3888981496916153,0.9188967796413507,18.03849202875812,13.01653595883504,36.0,10.000818926919472,0.2136231185663257,0.1576045928684287,0.2092414678402256,0.4183026473836894,34.85231674673457,426.8268127441406,12.246727121350732,22.72804006769721,0.5520419908065257,0.3052175362560427,6.297263413095199,13.310099603323769,7.998951985881771,12.166666666666666,10.111551592248096,0.0812994742621825,0.3490762579499363,0.3666798906160713,0.2029414861107445,31.63303854191659,334.8303527832031,10.584830551118989,22.16639205920341,0.4108793783622496,0.3150525087514585,11.207059360191256,14.006264058447211,8.210113234591901,9.866666666666667,10.173143076620203,0.1096169396823706,0.2764203946270084,0.4042250495340972,0.2097311829353609,0.88541394,-0.0015483117844594,-0.0097357984083299,-0.1787054109454348,2
PB,B081,EH,33.711167,-116.714167,1467.0,400.0,manual,0.58,13.40999984741211,1377.0,manual,0.58,ci10259993,2007-07-06 18:29:00.310000,,33.0088333,-116.469,0.21,80.0,0.32,9.66,1.26,1.86,ml,CI,,0.7299,81.17,163.8,2255.0,2007-07-06 18:29:09.720000,earthquake_local,B081.PB_20070706182908_EV,-0.5,28.0,21.5,16.333333333333332,6.940024867407975,27.33629035949707,3.93893262369633,0.0903090268966235,-0.0117194265004724,0.3358893148858143,0.993449661295255,14.551615846114348,11.770832916103966,2.1,10.427673529775635,0.2835796556801983,0.1784971753214939,0.2371655364762404,0.2993100987951747,46.66973800759591,510.6790466308594,10.942402259634324,18.924012443332867,0.0303835971512126,0.3140523420570095,147.00366516432132,14.903028473120951,8.715106742923263,8.933333333333334,10.23796415671082,0.0800489960857275,0.2880344922411794,0.3790986078641575,0.2528141642361138,39.76726200858718,357.446044921875,8.988449967832574,13.115026489806231,-0.4826290224492551,0.303717286214369,81.17493423910295,14.841457315216664,8.751384376888634,6.883333333333333,10.273886177445284,0.0890044604197264,0.2806957221061649,0.4006484329216373,0.2296465822134162,0.8428316,0.0016277456336394,0.0153653740892377,-0.1494650476165092,2
PB,B081,EH,33.711167,-116.714167,1467.0,899.0,autopicker,0.8,15.6899995803833,1952.0,autopicker,0.8,ci10260661,2007-07-10 11:59:03.210000,,32.9521667,-116.256,0.26,58.0,0.28,11.16,0.81,1.68,ml,CI,,0.8486,94.37,153.4,2654.0,2007-07-10 11:59:09.910000,earthquake_local,B081.PB_20070710115908_EV,2.0,30.5,29.89999961853028,20.799999872843426,8.443626199201695,53.555763244628906,6.342744453762336,1.0106328384693644,-0.2496606773902422,0.4500750125020837,0.920737338834406,21.35518138179465,12.949745528167496,30.0,9.19829087292456,0.1504604741067989,0.1082781294986729,0.2014581233652536,0.5381338131544756,25.52577048923792,420.4909973144531,16.473195098723423,60.33282703182925,-0.9083289612082938,0.2817136189364894,50.01940952238577,10.083945254610178,6.097422176285025,5.516666666666667,9.578645650991264,0.0815930170642552,0.5615723983026774,0.2813961015062583,0.075435694532889,22.959272977498543,294.2894897460937,12.817892362467878,44.0681666490949,0.4418089236340117,0.2903817302883814,46.31015941308691,10.151419658826734,5.727121024227627,8.566666666666666,9.371572846824574,0.0885331019130823,0.6483280161943232,0.1905085782107012,0.0726236541930307,0.8539474,0.0063891936491457,-0.0105916506203704,-0.0713602957663484,2
PB,B081,EH,33.711167,-116.714167,1467.0,399.0,autopicker,0.93,6.159999847412109,851.0,autopicker,0.85,ci10263337,2007-07-18 14:25:45.940000,,33.4106667,-116.8756667,0.24,37.0,0.26,4.48,1.76,2.24,ml,CI,,0.3287,36.55,204.1,2204.0,2007-07-18 14:25:48.110000,earthquake_local,B081.PB_20070718142547_EV,4.099999904632568,47.59999847412109,42.79999923706055,31.499999205271404,7.390950660179094,38.21213150024414,5.170124014779745,0.3364090760467682,-0.0522766776332156,0.4034005667611268,1.1293970998434018,18.95267451400008,12.75999209608456,36.0,9.88686775161638,0.1880684059772544,0.1284156918283598,0.23348012117343,0.4491938862491836,144.5859002321793,1726.6951904296875,11.942348373229487,30.518687804233124,-0.2059691563769325,0.2358726454409068,296.7461453077637,10.88387149898581,7.605033809934735,6.65,9.75552842889521,0.1237804980230454,0.4933158854356579,0.263764465007938,0.1191387353029413,136.63958660763817,2639.638916015625,19.318258943474213,46.37571444887569,1.4091902782164858,0.232372062010335,337.8409086981486,11.827540023566112,8.176492729677943,3.2,9.954479041804015,0.2704723398963691,0.2043808673459649,0.3964155764263019,0.1287308159854992,0.94380856,0.0094020709106147,0.0164105792843346,-0.1546836515590804,2
PB,B081,EH,33.711167,-116.714167,1467.0,597.0,autopicker,0.5,8.140000343322754,1188.0,autopicker,0.77,ci10267417,2007-08-01 03:20:30.540000,,33.3326667,-116.4305,0.22,29.0,0.26,4.33,1.61,1.99,ml,CI,,0.4457,49.57,148.1,2312.0,2007-08-01 03:20:32.710000,earthquake_local,B081.PB_20070801032031_EV,1.899999976158142,44.70000076293945,43.400001525878906,30.00000075499217,10.54560137554614,64.43119049072266,6.109769201036756,1.1651645686217875,-0.2861713290285905,0.4775795965994332,0.9323247056518964,23.177297903857003,12.79488212434805,30.0,8.326303444637993,0.1228352837830919,0.0818028993475036,0.1902059262868409,0.6043249771299252,122.139305054335,2020.2064208984373,16.5401827036737,44.66834415586474,-0.0513925358325438,0.3238873145524254,636.4062894217618,15.506045262877718,8.492946862083304,5.966666666666667,10.269499280573042,0.053263324806501,0.2338645445211776,0.4769476268680044,0.2359242581615099,109.2860776018904,1379.868408203125,12.626204897111764,39.64087861923964,-0.3707991969934353,0.3132188698116352,540.675483458692,15.838939675117771,8.96831623901363,10.5,10.302342763736933,0.0613855681680559,0.1957247230998865,0.4712166561546885,0.2716726454528962,0.89144933,0.0083407612275287,-0.0018045972605568,-0.3962234387990246,2
PB,B081,EH,33.711167,-116.714167,1467.0,700.0,manual,0.56,16.93000030517578,1906.0,manual,0.54,ci14311424,2007-08-04 23:56:22.810000,,32.9311667,-117.305,0.19,222.0,0.53,5.32,,1.61,ml,CI,,0.9219,102.52,212.2,2849.0,2007-08-04 23:56:32.740000,earthquake_local,B081.PB_20070804235631_EV,2.5999999046325684,21.700000762939453,17.0,13.766666889190674,7.023482681758822,27.782072067260746,3.955597717840965,0.153461181085512,-0.0181306419011094,0.336222703783964,1.0286544134191946,14.499644532315871,11.58019564382018,2.8166666666666664,10.461115665682923,0.2848291058493974,0.1701947409279333,0.2496025237235511,0.2938083190790817,10.50708868536816,151.1188507080078,14.382561643212467,30.385932874902338,0.8255751513972146,0.2905484247374562,11.602367612556144,10.076456606524388,6.529624740874862,7.8,9.675956905750262,0.1318661659766059,0.5372186587598056,0.2508395819514421,0.0800343749098533,8.168265222824598,61.71683120727539,7.5556840435126835,7.141656516561236,-0.1368923694006529,0.2973828971495249,4.197483248410025,11.116994135803983,8.315511842504602,7.75,9.977718847709635,0.2638767437921362,0.2858195492038984,0.3072519972704725,0.1429617233339671,0.64630723,-0.0014191333839214,0.0226944818256628,0.0952134858982603,2
PB,B081,EH,33.711167,-116.714167,1467.0,402.0,autopicker,0.92,8.140000343322754,956.0,autopicker,0.79,ci10272213,2007-08-25 05:02:50.810000,,33.2933333,-116.769,0.22,44.0,0.27,12.41,0.86,1.81,ml,CI,,0.4192,46.62,186.2,1800.0,2007-08-25 05:02:54.930000,earthquake_local,B081.PB_20070825050253_EV,1.600000023841858,40.900001525878906,38.79999923706055,27.10000026226044,11.278872828032474,71.852294921875,6.370520886031584,1.6243414848493778,-0.2055735146742638,0.5055842640440074,1.0335480544065023,24.287375208631435,12.34942507453403,36.0,7.8383307139482685,0.0944449886768089,0.0730343989699532,0.1850195055899789,0.6468439587764725,56.95506848038182,935.7259521484376,16.429195453794396,57.01680431255156,-0.0154720284148441,0.3315552592098683,386.371092365255,15.92752177565576,9.508338180726936,9.033333333333331,10.374574677826736,0.0497551150293371,0.3192350271392948,0.3236024621567461,0.3074066514804499,58.12481008682352,1127.0869140625,19.39080596356224,84.1325499988402,2.0712765341215635,0.3422237039506584,453.6293430855322,13.947509208553225,8.439508934791041,9.766666666666666,9.958175190387005,0.0595757580973195,0.4078258224455974,0.3330309462864623,0.199566281073053,1.0010972,0.0005880296457495,0.0138083698561508,-0.3100575218084213,2
PB,B081,EH,33.711167,-116.714167,1467.0,400.0,autopicker,0.93,5.75,799.0,autopicker,0.89,ci10278153,2007-09-10 08:42:55.480000,,33.454,-116.8846667,0.27,44.0,0.21,10.77,0.71,2.06,ml,CI,,0.2933,32.62,208.9,1499.0,2007-09-10 08:42:57.230000,earthquake_local,B081.PB_20070910084256_EV,2.400000095367432,58.79999923706055,45.79999923706055,35.666666189829506,8.248491340526815,49.89468002319336,6.048946160378303,0.6044386119815974,-0.0896291415284302,0.446407734622437,0.9893686751766572,20.61274150601185,13.544031264595166,36.0,9.32583409863869,0.186274174405025,0.1151822935173677,0.1840732832919254,0.5133522349313715,205.84748484288605,3373.737060546875,16.38949858008658,106.93234449862469,0.3518409337457129,0.3100516752792132,1933.4680067914487,12.455589599974246,8.515325712016558,7.399999999999999,9.80781782387472,0.0408827153854067,0.5382904433494793,0.2634197904748466,0.1574069932917071,129.86132638109825,2034.8067626953125,15.669074230181938,42.16659012472393,-0.0488445333684125,0.2913818969828304,918.5963366189465,15.581440489195094,9.837091169658486,12.983333333333333,10.351219568205025,0.1288897828839776,0.1962283674272555,0.4235517676675099,0.2513298466080761,0.630356,0.0101043374065326,-0.0289978696354511,-0.2127978233030512,2
PB,B081,EH,33.711167,-116.714167,1467.0,800.0,autopicker,0.93,7.840000152587891,1329.0,autopicker,0.8,ci10281117,2007-09-18 20:02:15.050000,,33.3123333,-116.8351667,0.23,40.0,0.26,7.79,1.01,2.42,ml,CI,,0.4104,45.64,194.2,2276.0,2007-09-18 20:02:14.890000,earthquake_local,B081.PB_20070918200213_EV,1.2999999523162842,47.400001525878906,42.70000076293945,30.466667413711548,7.544210936226632,36.07740020751953,4.782130366249312,0.3942132718078821,-0.0943215202636539,0.3948991498583097,1.0147890890873796,17.849310137111026,12.700608512455698,30.0,10.03944867595369,0.2065498202127541,0.1528254944822777,0.2285997759929287,0.4102928216476712,265.1457134712498,4122.5400390625,15.548205494596894,64.84640443905505,-1.115552822158048,0.2978829804967494,263.3535122141893,14.377143382764466,9.079232725105127,9.6,10.285216777247244,0.080356049385914,0.3391913191599313,0.3329150972559099,0.2475374399517299,228.5550412969464,3252.311279296875,14.229882048724374,27.32330788214862,0.0281166616370939,0.2852142023670612,247.27482046478195,13.939173588231911,9.766687800095475,2.7333333333333334,10.24602780891004,0.2049196661823469,0.2338517794340336,0.3368534041422116,0.2243749895112963,0.8616492,0.0069587606213879,-0.0056667366509881,-0.1515421866348676,2
PB,B081,EH,33.711167,-116.714167,1467.0,801.0,autopicker,0.92,2.940000057220459,1020.0,autopicker,0.88,ci10283169,2007-09-29 22:37:00.900000,,33.6896667,-116.7351667,0.24,30.0,0.22,16.81,0.44,1.95,ml,CI,,0.02768,3.08,219.1,1447.0,2007-09-29 22:36:55.830000,earthquake_local,B081.PB_20070929223654_EV,3.299999952316284,59.0,54.59999847412109,38.96666614214579,9.335720674097283,48.1309928894043,5.155573369171985,1.0750164613817432,-0.2000315665067156,0.4505750958493082,1.1330168777953706,20.99132614205028,13.03032264910784,36.0,9.143566170686148,0.1576470598267961,0.1137610037741896,0.1976386249403102,0.5300709998484852,1249.6648033554825,34253.41015625,27.4100783380279,305.3330764328984,0.0512336774261311,0.3695615935989331,47551.38774521426,26.949186105653723,10.800020272704735,23.53333333333333,10.613256119411666,0.0069726494334143,0.1004605177322054,0.0641177629194701,0.8284490674641629,604.2611296858994,15382.91796875,25.45740113507911,156.47413815454263,-1.1412431299069368,0.3448908151358559,13955.93038970493,24.30667101464764,10.374606397305731,25.866666666666667,10.570748520710236,0.0475978339564792,0.0636005996118334,0.2069336078361299,0.6818679463937591,0.4835251,0.0045668627356945,-0.0318829691916012,-0.1536875415638695,2
PB,B081,EH,33.711167,-116.714167,1467.0,699.0,autopicker,0.93,2.6700000762939453,899.0,autopicker,0.85,ci10283201,2007-09-30 01:03:34.570000,,33.6856667,-116.7571667,0.3,21.0,0.19,14.12,0.26,2.11,ml,CI,,0.04395,4.89,234.5,1324.0,2007-09-30 01:03:30.250000,earthquake_local,B081.PB_20070930010329_EV,3.0,65.5999984741211,59.09999847412109,42.56666564941406,9.472738473781677,48.44657897949219,5.114316109705867,1.133937477269244,-0.213449496509118,0.4509084847474579,1.144044582609418,21.912231571960447,12.871122135308363,42.0,9.039573752518812,0.1303779761073235,0.1061945473338982,0.20757875714928,0.5548142010308399,1961.183888229479,45423.6328125,23.16133284855181,268.01842068797765,-0.6390472429474742,0.3533922320386731,66498.37846854134,28.03603369430404,12.767669197772038,38.23333333333333,10.296544458756385,0.0645050987158359,0.120009726648482,0.0882662623059668,0.7272189104618524,943.0685192500828,23229.013671875,24.631310660593822,147.50060332038765,-2.952456529959436,0.3337222870478413,18595.1824515507,21.877858605292428,12.573421059656456,12.266666666666666,10.683489143657845,0.067554894826192,0.1702234715864956,0.2444434387825231,0.5177781907924129,0.4808613,0.0026765362584694,-0.0012996989838858,-0.0330429413231863,2
PB,B081,EH,33.711167,-116.714167,1467.0,800.0,autopicker,0.83,5.5,1185.0,autopicker,0.89,ci10283317,2007-10-01 00:39:13.030000,,33.4501667,-116.5875,0.2,47.0,0.28,9.82,0.65,1.72,ml,CI,,0.281,31.25,158.0,2045.0,2007-10-01 00:39:10.530000,earthquake_local,B081.PB_20071001003909_EV,-0.4000000059604645,40.29999923706055,41.0,26.96666641036669,7.798520487585026,38.23308181762695,4.9026070879075965,0.5192117853518794,-0.1287481686222396,0.3925654275712619,1.017146612944524,17.570670158926614,12.680868667213137,36.0,9.95698226836886,0.2213045331419073,0.1509510796321816,0.2198357688254524,0.4066354438010689,99.22149085849396,2257.2431640625,22.74953888045985,94.04638024439522,-1.045267593183544,0.3865644274045674,657.3948279180431,20.21837015085252,9.97094315544848,16.083333333333332,10.516736724963462,0.0239670124716292,0.1605018763153766,0.3984717208574019,0.4170590048930998,98.22817487067348,2213.4267578125,22.533522186752243,99.88667401895788,-1.5284784966233775,0.3717286214369061,877.3315042240374,18.184966155236605,10.492589926039678,10.133333333333333,10.429750691184935,0.0267679690632189,0.2799315998419682,0.3324469531584412,0.3608530312247848,0.98694515,-0.0051772480430235,-0.0178042477016544,-0.0083571397584183,2
PB,B082,EH,33.598182,-116.596005,1374.8,600.0,manual,0.64,10.850000381469728,1375.0,manual,0.64,ci14297248,2007-06-10 11:51:13.450000,,33.2425,-116.0395,0.39,40.0,0.4,3.54,1.13,1.67,ml,CI,,0.5852,65.08,127.6,2453.0,2007-06-10 11:51:18.300000,earthquake_local,B082.PB_20070610115117_EV,32.0,31.600000381469727,30.89999961853028,31.5,27.00347855866216,229.97149658203125,8.516365626096759,12.740772835437417,0.2420659814541756,0.2973828971495249,178.4314732852893,14.20668348146095,7.866915062206839,10.75,10.132983475231502,0.0825956840226849,0.260706091035887,0.4377860660621472,0.2189054482000798,24.835796904922763,228.9011993408203,9.21658363599556,14.889426079161286,-0.1332774381812193,0.3098849808301384,161.94387328669848,14.09057444419389,8.392607936065003,9.166666666666666,10.16994565084012,0.1194478609186569,0.2837220003017155,0.3601383796293352,0.2366867129781735,25.9404023641148,210.27163696289065,8.105951249768365,10.799679027583954,0.4370919819286329,0.3107184530755126,193.5829647103057,14.961061339397132,7.55023299756709,10.983333333333333,10.070738242447945,0.0758287750905288,0.1462370744468581,0.5528292110397353,0.2250974060604358,0.7070554,0.0519043475778053,-0.0274558251805792,0.0485790404385451,2
PB,B082,EH,33.598182,-116.596005,1374.8,500.0,manual,0.62,14.579999923706056,1549.0,manual,0.58,ci10255481,2007-06-17 20:31:08.710000,,32.7946667,-116.6596667,0.25,81.0,0.28,15.96,1.1,2.03,ml,CI,,0.8031,89.31,183.8,2221.0,2007-06-17 20:31:18.290000,earthquake_local,B082.PB_20070617203117_EV,36.5,32.599998474121094,27.700000762939453,32.26666641235352,50.70517513027535,649.3009033203125,12.805416836685453,51.20481330070319,0.8592111154750212,0.2513752292048675,97.28009032298534,9.16444124460455,6.378324633988643,5.366666666666666,9.432961180868586,0.1919256810577725,0.5449297052700552,0.1828394151761466,0.0803014220527663,37.37320735764493,360.4348754882813,9.64420505949838,17.875225094496567,0.5636990859993695,0.256209368228038,58.26656040801115,12.00429722209146,7.896707657013864,3.8166666666666655,10.027315588202102,0.2212068129773341,0.2699532045386819,0.3436939283102786,0.1651427848909768,34.30323582727525,329.70526123046875,9.611491548220442,11.888479974740484,-0.356865402807054,0.2775462577096182,65.1232869698668,13.024645004781364,8.349207074216968,4.5,10.159327200770392,0.2325989701287777,0.1817749778514946,0.3986682303761687,0.1869490544520637,0.54458016,-0.0619082124651415,0.1142398986264434,-0.1206618197929632,2
PB,B082,EH,33.598182,-116.596005,1374.8,700.0,manual,0.62,12.979999542236328,1602.0,manual,0.62,ci10260661,2007-07-10 11:59:03.210000,,32.9521667,-116.256,0.26,58.0,0.28,11.16,0.81,1.68,ml,CI,,0.7044,78.34,156.3,2798.0,2007-07-10 11:59:09.190000,earthquake_local,B082.PB_20070710115908_EV,28.100000381469727,26.89999961853028,26.200000762939453,27.066666920979817,15.17487262127909,154.7711639404297,10.199173845018016,16.34015315731057,0.0117769180551776,0.3122187031171862,44.53518138171683,13.04993956929627,7.774467451429054,8.9,10.15448259299342,0.1373923534926062,0.2889124187232701,0.3647729921788259,0.2089151252017512,14.45155554488854,126.4462432861328,8.749663169018257,10.73835415382058,0.2293595703711462,0.3132188698116352,44.42496889791837,13.890204649141834,7.727682712002168,9.4,10.130360144424298,0.1187070619578826,0.2366047564805347,0.4321753834308277,0.2125039733236921,14.041153959122743,113.5556411743164,8.087343925214753,10.161233714841533,-0.0459249860411908,0.3300550091681947,57.4658934392727,14.229974922308353,7.348797478214792,11.3,10.048376545625546,0.096664638665288,0.1469938650584594,0.5640691202334586,0.1922390546283507,0.67005295,0.0752392635790274,0.1322885424932999,0.0574091091447548,2
PB,B082,EH,33.598182,-116.596005,1374.8,701.0,autopicker,0.94,5.550000190734863,1080.0,autopicker,0.85,ci14313896,2007-08-17 06:27:58.830000,,33.461,-116.8855,0.3,31.0,0.2,10.95,0.54,2.47,ml,CI,,0.2778,30.9,240.3,1597.0,2007-08-17 06:27:57.370000,earthquake_local,B082.PB_20070817062756_EV,57.900001525878906,60.0,56.59999847412109,58.16666666666666,470.8903022153639,8428.9677734375,17.900066605284373,82.84037878593199,0.6418205613955467,0.3118853142190365,1845.040302733923,14.10642514164661,8.242260149486954,15.566666666666666,10.29187037250234,0.1198817579201671,0.2267054715873456,0.4257265145230436,0.2276862206483196,615.9262915572499,14315.9931640625,23.24302982401887,186.6015068742205,-0.1020574327819274,0.3022170361726954,3334.427894170082,11.521317915001523,8.405861076696443,9.516666666666666,10.049868514045212,0.2372434960724036,0.3448353415164468,0.2448666989792558,0.1730544245038239,416.9720995430055,6605.29833984375,15.84110387021829,53.989500304747686,-0.1835456412559213,0.3160526754459076,1939.427145303311,16.058114649484242,9.159769982951678,9.466666666666669,10.185995569182712,0.0722260140157989,0.2448470474106595,0.3870019170705774,0.2959244729554785,0.5378146,0.1177744848550545,-0.1326581701359637,0.1444190364358687,2
PB,B082,EH,33.598182,-116.596005,1374.8,400.0,manual,0.61,6.690000057220459,842.0,manual,0.61,ci10272213,2007-08-25 05:02:50.810000,,33.2933333,-116.769,0.22,44.0,0.27,12.41,0.86,1.81,ml,CI,,0.3367,37.44,205.3,1466.0,2007-08-25 05:02:53.500000,earthquake_local,B082.PB_20070825050252_EV,42.59999847412109,46.20000076293945,41.70000076293945,43.5,72.97565214515382,1655.0645751953125,22.67968187393886,112.94768626655708,-0.7884672847442433,0.3370561760293382,1056.9740682672975,14.496387853286034,8.278360437788143,7.083333333333333,10.328151927899798,0.1108502827558469,0.246046438090382,0.3968678066981639,0.2462348697707432,66.8725342102556,939.2389526367188,14.045212488637477,51.88914045147132,0.8163488232476038,0.3345557592932155,865.5644694346255,16.75480606940566,8.506576152990583,12.933333333333334,10.247297657420663,0.0836073038956803,0.1066846288109008,0.5003493247229563,0.3093582050010879,65.66605450316861,1178.1055908203125,17.940861526307554,48.71012999113443,-1.0706615057964377,0.331888648108018,923.2081759650888,16.629162651729263,8.51143460138745,9.266666666666666,10.382933388261188,0.0775008514853568,0.1766909757703724,0.4133791233379418,0.3324280189358795,0.66341597,0.1283036318204364,0.0749283616426869,0.1423719126390292,2
PB,B082,EH,33.598182,-116.596005,1374.8,400.0,autopicker,0.94,3.220000028610229,631.0,autopicker,0.88,ci10275961,2007-09-03 10:26:45.450000,,33.4463333,-116.6408333,0.23,25.0,0.23,7.33,0.53,2.14,ml,CI,,0.156,17.35,193.8,1161.0,2007-09-03 10:26:44.670000,earthquake_local,B082.PB_20070903102643_EV,57.59999847412109,55.79999923706055,56.29999923706055,56.56666564941406,319.69608589699493,5093.814453125,15.933302526469502,92.46330973104924,1.1316898900948944,0.3183863977329555,3347.578290180334,13.24612527472922,9.111252324631495,7.1,10.328330047014234,0.1380614947130543,0.3573479974197536,0.2722773809562672,0.232313038867486,318.8020440306784,5633.7861328125,17.6717378018767,82.39797805067285,0.3110535153973299,0.3205534255709285,3164.351330367088,13.808094873426986,9.050358446404228,4.166666666666667,10.334109548503807,0.2179455134332718,0.1907818263572315,0.3611307159498685,0.230141835338844,289.83408295194874,6588.98779296875,22.733654116383303,91.48298087937088,2.539439870061002,0.3273878979829971,3567.345919171285,16.178267972975775,9.372234164616032,7.583333333333333,10.415239834417708,0.0860869441449855,0.2303042664258696,0.353633860213791,0.3299748298070983,0.6419547,-0.0842605764216595,0.0819364673612329,-0.0944380865296281,2
PB,B082,EH,33.598182,-116.596005,1374.8,600.0,manual,0.64,12.5,1502.0,manual,0.6,ci10276125,2007-09-04 03:52:20.200000,,33.0931667,-116.048,0.24,59.0,0.3,5.58,,1.73,ml,CI,,0.6812,75.76,138.0,2196.0,2007-09-04 03:52:26.700000,earthquake_local,B082.PB_20070904035225_EV,32.79999923706055,31.89999961853028,30.5,31.73333295186361,24.02122200999452,369.29296875,15.373612907634262,42.694248163989286,0.8319760614789666,0.3183863977329555,152.39459371637835,12.168557988245944,8.04511411173668,6.283333333333333,10.042776608731463,0.1728832402425759,0.2982481920064573,0.3630016330632478,0.165858944343589,19.98665752963616,215.0832061767578,10.761339451473216,23.92002825270872,-0.3033592100818871,0.3288881480246707,110.84768546529196,13.465657610042726,8.721387644792078,4.716666666666667,10.178088280649254,0.1380709677242309,0.3016294393836188,0.3481463733907609,0.2121454127476344,19.078406452400944,228.774169921875,11.991261979487003,23.313548921783152,0.1809007522385536,0.3207201200200033,109.93291341263745,14.123967185384352,8.885263974760234,3.1666666666666665,10.24856552140526,0.1713183670454401,0.2092416418616176,0.3719156562151511,0.2474936314057577,0.61053306,-0.0889697837405102,0.1128083214654138,0.1773850782959088,2
PB,B082,EH,33.598182,-116.596005,1374.8,700.0,autopicker,0.93,6.489999771118164,1196.0,autopicker,0.82,ci10276153,2007-09-04 09:47:00.290000,,33.36,-116.282,0.29,26.0,0.26,4.71,,2.3,ml,CI,,0.354,39.37,132.4,1797.0,2007-09-04 09:46:59.780000,earthquake_local,B082.PB_20070904094658_EV,50.5,53.5,50.70000076293945,51.56666692097982,264.4049491613633,3534.798828125,13.36888299306286,32.50946076966332,-0.531207049318183,0.3365560926821136,1049.65056715933,20.05757663908866,10.117083406281637,13.916666666666666,10.466224361330692,0.0351087748667276,0.11038243633051,0.4128999044177751,0.4416087349701761,286.5266464444594,4755.64794921875,16.59757655433485,54.82896547125088,0.1869048071932065,0.3518919819969995,1383.0399589825583,18.95779662433065,10.420885254324643,10.816666666666666,10.549717818258362,0.0678719587586063,0.1430783898147871,0.3623679182077115,0.4266816803870537,258.21542208654,4018.91162109375,15.564181212022362,44.05050158034463,-0.3792360376941832,0.3507251208534755,1415.4033095198256,19.320885161387068,10.056336431318382,11.316666666666666,10.49963222308745,0.0526674000683672,0.1222983850828613,0.381254488797341,0.4437796217287574,0.66229224,0.0425029980880043,0.04934008334579,0.2572664670120548,2
PB,B082,EH,33.598182,-116.596005,1374.8,701.0,autopicker,0.94,3.440000057220459,948.0,autopicker,0.85,ci10276165,2007-09-04 12:48:30.840000,,33.652,-116.7545,0.26,20.0,0.21,12.83,0.32,2.46,ml,CI,,0.1427,15.87,292.1,1411.0,2007-09-04 12:48:27.270000,earthquake_local,B082.PB_20070904124826_EV,66.0999984741211,66.30000305175781,61.900001525878906,64.76666768391927,1282.0253489310142,35188.1484375,27.447310980895026,170.30856940483218,-3.4525302420663824,0.3182197032838806,8730.863925068956,19.19060841011583,9.767016236081908,16.966666666666665,10.49253514769234,0.048360189056939,0.1774118830421493,0.3592197118707102,0.4150082026693166,1296.476751374715,24362.09375,18.790999317317286,110.49062122593452,1.3450893467334817,0.3170528421403567,7666.326477592742,17.70924608810352,10.46985181449876,9.433333333333334,10.49625291940538,0.0461481369121062,0.3322532605508121,0.2015109210240973,0.4200876604055963,1183.5741781353486,31383.822265625,26.51614309047225,138.22013430798256,-2.0675888674834617,0.3298883147191198,10105.71866199565,19.18709108131304,9.896558559583054,21.366666666666667,10.445536566791615,0.0269364089503472,0.1936940108923546,0.3085464271856595,0.4708231344704232,0.6491366,-0.0115385833993155,0.1440845281828184,-0.1163553105135961,2
PB,B082,EH,33.598182,-116.596005,1374.8,700.0,autopicker,0.94,5.570000171661377,1079.0,autopicker,0.74,ci10278153,2007-09-10 08:42:55.480000,,33.454,-116.8846667,0.27,44.0,0.21,10.77,0.71,2.06,ml,CI,,0.2808,31.22,239.0,1626.0,2007-09-10 08:42:54.050000,earthquake_local,B082.PB_20070910084253_EV,50.59999847412109,50.09999847412109,48.0,49.56666564941406,184.1628442677048,4429.7099609375,24.053222997025053,174.89984025575652,-1.804840174151633,0.3100516752792132,1797.2571665066946,13.755971342996634,7.366545784273166,10.2,10.065615755649166,0.0909331131566997,0.2084493075403953,0.5392585077556978,0.1613589032296067,238.40618803167808,6142.25830078125,25.76383755594927,240.37122944358828,-4.935592258703317,0.2993832305384231,2970.980013018585,10.022576367047767,7.240076763198087,9.35,9.91024864080538,0.2554380329665386,0.4159828357195961,0.2288498347902427,0.099729239118186,133.1146774405734,2832.985107421875,21.28228954081048,73.44143901120437,-1.193955436545015,0.3108851475245874,1320.4317996804682,15.34876286315935,9.222015096635092,11.283333333333331,10.373400237519096,0.1059004736606372,0.1973920136697429,0.4393756068352459,0.2573309384250876,0.44186985,0.1589401985113423,-0.1719097995748884,0.1963185468455574,2
PB,B082,EH,33.598182,-116.596005,1374.8,800.0,manual,0.65,9.239999771118164,1429.0,manual,0.58,ci10279953,2007-09-13 13:11:07.590000,,33.114,-116.6081667,0.2,42.0,0.3,14.96,0.41,2.03,ml,CI,,0.483,53.71,181.2,2191.0,2007-09-13 13:11:08.830000,earthquake_local,B082.PB_20070913131107_EV,35.29999923706055,35.20000076293945,34.099998474121094,34.86666615804037,61.99397621259489,1085.964599609375,17.517259997734218,75.69192589972226,0.2606242633735545,0.2710451741956993,355.498634614728,10.537679759429544,6.869849966743576,7.366666666666666,9.71850060164249,0.1593784810063808,0.467637788390997,0.2444603084358182,0.1285221276440385,66.84895534395912,1467.81201171875,21.957142099923487,145.00315214692128,-0.314471807559386,0.2768794799133189,471.7110735606538,11.279672373528506,6.513937852210052,11.516666666666666,9.823554988123853,0.1330241908945067,0.3212075829447032,0.435466735363485,0.1102998174785421,66.37337891057295,1628.6640625,24.537910970215226,226.02381704533008,-0.4936891123280805,0.2902150358393066,639.1200621335018,12.865209058563304,6.329100264375514,11.083333333333334,9.818068698269194,0.0708313076544958,0.1907742011770618,0.6026720604866304,0.1357186294961298,0.7280148,0.0070558576040484,0.0464777002231651,-0.4581984693024568,2
PB,B082,EH,33.598182,-116.596005,1374.8,699.0,autopicker,0.91,6.650000095367432,1155.0,autopicker,0.58,ci10281117,2007-09-18 20:02:15.050000,,33.3123333,-116.8351667,0.23,40.0,0.26,7.79,1.01,2.42,ml,CI,,0.3482,38.72,214.9,1810.0,2007-09-18 20:02:14.710000,earthquake_local,B082.PB_20070918200213_EV,52.20000076293945,51.29999923706055,51.59999847412109,51.699999491373696,383.1502686868279,8006.25,20.89584858556891,143.7248149527924,0.4162242718515665,0.2933822303717286,989.2747235268656,12.28251653876316,6.850335527505871,9.566666666666666,9.88304638626118,0.0701828291886852,0.4557922137281553,0.3633432393728582,0.110681537245869,302.1534439647332,6308.79541015625,20.879442336896226,94.98261402938996,-0.0351766079824509,0.2898816469411568,572.3128798604653,14.20922555198323,8.043065864864065,11.333333333333334,10.269693728925445,0.1237007785015823,0.1707939104561922,0.502233153718435,0.2032720262405068,270.28031911797524,4016.198486328125,14.859381916650342,54.0696337120693,0.8328217077864947,0.2852142023670612,646.4525994247455,13.4000311519189,8.921716809021023,12.316666666666666,10.169833818698535,0.1238981097261333,0.3571445931848931,0.3163647763522894,0.20259234331739,0.55390334,0.0055638408149798,-0.2190657022712848,0.0618150704764316,2
PB,B082,EH,33.598182,-116.596005,1374.8,900.0,autopicker,0.94,3.900000095367432,1195.0,autopicker,0.85,ci10283169,2007-09-29 22:37:00.900000,,33.6896667,-116.7351667,0.24,30.0,0.22,16.81,0.44,1.95,ml,CI,,0.1477,16.42,308.3,1659.0,2007-09-29 22:36:55.800000,earthquake_local,B082.PB_20070929223654_EV,50.09999847412109,51.5,47.70000076293945,49.76666641235352,305.4053576336212,7896.1591796875,25.8546845440744,281.7377535823187,-1.318143513036074,0.334055675945991,6043.302799485099,18.14160290854542,8.355086080397971,15.583333333333334,10.499889034773368,0.0180564533749916,0.1354029120344733,0.5021437509396135,0.3443967928417066,309.43491714541847,9803.1162109375,31.68070462562097,297.9398869698378,-4.299607798215559,0.348058009668278,7079.089694551528,18.68081326297123,8.88668202875277,14.533333333333331,10.553385506359422,0.0496637428096804,0.1360484841845416,0.4023935704828522,0.4118940644300853,251.9326893151012,4659.31103515625,18.49426943293049,108.45247165071312,-1.5225804034306374,0.3473912318719787,5804.056016497625,17.707899130744586,8.636412973095966,13.866666666666667,10.253096906079277,0.0458015253314899,0.1404698218017947,0.4850510933337053,0.3286772077078329,0.5794659,0.313340833965049,-0.3443021928551312,-0.3404741029338446,2
PB,B082,EH,33.598182,-116.596005,1374.8,799.0,autopicker,0.94,3.7699999809265137,1076.0,autopicker,0.85,ci10283201,2007-09-30 01:03:34.570000,,33.6856667,-116.7571667,0.3,21.0,0.19,14.12,0.26,2.11,ml,CI,,0.1603,17.82,303.1,1575.0,2007-09-30 01:03:30.350000,earthquake_local,B082.PB_20070930010329_EV,50.5,52.5,49.09999847412109,50.699999491373696,263.2697836018098,5544.28271484375,21.05932036328698,70.65053742951235,0.6560057388777236,0.3333888981496916,2617.975572215055,19.668435743691767,11.954367299106051,30.5,10.420266773852871,0.0946358658593077,0.2352737477358168,0.1716348159529488,0.4984554304459102,315.5027731712394,5050.353515625,16.007318936889078,65.89357648945148,-0.2177426961757727,0.3127187864644107,3317.820350324369,17.209164537190134,11.33149645630876,6.65,10.412898720904357,0.0859082849960966,0.3129859043500379,0.2011288288896616,0.3999768910355334,312.21471952089485,6884.94287109375,22.051948356755737,92.7112761787418,-1.2758945404913973,0.3382230371728621,5458.980001455268,19.819886837934007,11.621232750122132,10.016666666666666,10.540804652845436,0.074584575344033,0.1558744582374428,0.3024589049881394,0.4670819016785838,0.75979954,-0.0106367471763016,0.1333577937478595,-0.0256426144548454,2
PB,B082,EH,33.598182,-116.596005,1374.8,899.0,autopicker,0.92,3.4200000762939453,1128.0,autopicker,0.86,ci10283301,2007-09-30 22:27:36.210000,,33.4465,-116.5893333,0.26,34.0,0.21,10.53,0.43,1.91,ml,CI,,0.1514,16.84,177.9,1844.0,2007-09-30 22:27:30.640000,earthquake_local,B082.PB_20070930222729_EV,44.70000076293945,43.09999847412109,40.79999923706055,42.86666615804037,128.84989909945315,2054.154052734375,15.94222476766451,47.19520518832864,0.0072060789508882,0.3377229538256376,617.1604750604432,18.465232754019983,9.052032665915103,7.8,10.486669175066744,0.0353750489645857,0.1720341585107449,0.3965947677300072,0.3959957577938411,120.60820071188304,1957.8433837890625,16.233086740644527,50.69686007739072,0.6897641777540968,0.3465577596266044,519.5588680808504,20.112389589559665,8.256799303314397,15.366666666666667,10.424671704443782,0.0252969298891468,0.0899512252829616,0.3873329813457621,0.4974185589963421,100.49800825009991,1649.73291015625,16.415578167984336,35.69677888085387,0.589861313622345,0.3398899816636106,515.6234260673998,20.377112336693024,9.158436089309829,10.916666666666666,10.513954759759743,0.0246794050818421,0.1012555478308941,0.3979304095100571,0.4761329428926153,0.5694269,0.0178404830376283,0.0903837834051667,0.1700780538905257,2
PB,B082,EH,33.598182,-116.596005,1374.8,799.0,autopicker,0.93,3.289999961853028,1031.0,autopicker,0.88,ci10283317,2007-10-01 00:39:13.030000,,33.4501667,-116.5875,0.2,47.0,0.28,9.82,0.65,1.72,ml,CI,,0.1478,16.44,177.3,1652.0,2007-10-01 00:39:08.330000,earthquake_local,B082.PB_20071001003907_EV,42.70000076293945,43.900001525878906,41.79999923706055,42.800000508626304,112.60940252851074,2124.891357421875,18.869573141406992,91.33301968543417,-0.4494361355130173,0.3710618436406068,1250.7395527067572,19.935091826616784,8.76316552596856,13.45,10.420329330410675,0.0122292033164558,0.0784122553132138,0.4724671813956231,0.4368910066677433,105.73437076997268,1394.609619140625,13.189747184239904,44.14656543258164,0.4222871042550975,0.3838973162193699,1113.2827337115043,23.613218455159284,8.897849414824924,29.23333333333333,10.482554664424471,0.012977431249401,0.0551503175684237,0.2774229399661247,0.6544489205053212,88.58003721016637,1359.5172119140625,15.34789614829864,34.54601719189291,-0.3766283877106778,0.3693948991498583,1010.5758615109175,24.23440210241315,9.990225915114738,17.266666666666666,10.591066938956772,0.0125165579411614,0.0405327883817313,0.3209322479141717,0.6260173191953969,0.57344913,0.0882772417860029,0.1458227309066784,0.1636760402379972,2
PB,B084,EH,33.61157,-116.45637,1271.0,700.0,autopicker,0.91,4.110000133514404,979.0,autopicker,0.88,ci14296868,2007-06-08 06:13:05.900000,,33.4551667,-116.5946667,0.24,48.0,0.24,11.31,0.45,1.57,ml,CI,,0.1941,21.59,216.4,1437.0,2007-06-08 06:13:03.010000,earthquake_local,B084.PB_20070608061302_EV,44.70000076293945,46.09999847412109,49.0,46.59999974568685,132.9606698686549,3157.385986328125,23.7467665396628,178.72498649556846,-3.535261391065452,0.3530588431405234,2987.4148196586693,14.499332681598547,8.684225077461122,12.783333333333331,10.291454360989016,0.0436014417553817,0.3834963048069746,0.3222278239427624,0.2506741947530166,188.2435855427977,5915.3994140625,31.42417520897474,470.6551314210128,-8.226811409305952,0.3592265377562927,6134.677493770123,13.268448698511792,7.068399216472332,9.066666666666666,10.115257181092636,0.0835741532009888,0.2888883838922611,0.5134585549773079,0.1140788653594803,169.54119490208862,3472.551025390625,20.482048786998643,139.49657280288275,-1.4956198451303926,0.3397232872145357,3287.476975788687,15.30033277015368,7.481023478987649,9.533333333333331,9.768256081216371,0.0016210705875982,0.3306202299531607,0.44448679116141,0.2232687432763,0.73564786,0.000249202180223,0.1016928204224589,-0.0617030219204082,2
PB,B084,EH,33.61157,-116.45637,1271.0,400.0,manual,0.64,9.329999923706056,1089.0,manual,0.64,ci14297248,2007-06-10 11:51:13.450000,,33.2425,-116.0395,0.39,40.0,0.4,3.54,1.13,1.67,ml,CI,,0.507,56.38,136.8,2003.0,2007-06-10 11:51:18.780000,earthquake_local,B084.PB_20070610115117_EV,38.70000076293945,41.400001525878906,41.5,40.53333409627279,49.68580294824151,816.1544799804688,16.42631157295918,43.53153587370287,-1.5475922790763386,0.2805467577929655,456.63010949935926,12.723758953531409,7.01357209487534,10.0,9.98095936429218,0.1126578858184192,0.2674001839912791,0.4793244749433678,0.140616514939282,59.09513123709421,875.654052734375,14.817702142350504,49.261353143739655,-0.2851938353919244,0.2830471745290882,696.1933560916207,10.59697061459196,7.216453929129488,4.916666666666667,9.731261739063555,0.2318591530811969,0.3645821768179117,0.286666469973903,0.1168917943710257,58.11393523193973,747.1765747070312,12.857098245454544,23.60904764157717,-0.140188377072494,0.3137189531588598,636.2713240842113,14.566980790653025,6.273461753661448,10.933333333333334,9.702764797235654,0.0096406158294538,0.2466363555969265,0.5749015799464272,0.1688211221753914,0.7527035,0.0487904313995817,0.020700403386613,-0.0332694940301187,2
PB,B084,EH,33.61157,-116.45637,1271.0,400.0,manual,0.52,17.8799991607666,1676.0,manual,0.52,ci14297312,2007-06-10 23:42:34.900000,,32.699,-116.0515,0.33,112.0,0.4,8.44,1.13,1.85,ml,CI,,0.9714,108.03,159.7,2513.0,2007-06-10 23:42:48.780000,earthquake_local,B084.PB_20070610234247_EV,27.799999237060547,27.39999961853028,29.299999237060547,28.16666603088379,17.874127937945154,221.0735015869141,12.36835175144937,25.406096329538528,-0.3120333786899253,0.2293715619269878,43.29367634589807,7.502178971301436,5.679688635910167,3.733333333333333,8.775072467191437,0.5135246388178679,0.2737201774124493,0.1737003090886927,0.0390317323030489,17.61525622944614,136.52674865722656,7.75048326739663,11.573089781270188,-0.0766812536035287,0.2465410901816969,44.04585629615944,8.801656138879483,5.806719003409877,4.016666666666667,9.376566789948702,0.3645967290068294,0.2798618443153041,0.3072432342176405,0.0482772999465647,17.73787552674825,162.59963989257812,9.166804651852592,12.662613566886185,-0.1861556082744881,0.2827137856309384,44.9278916517107,11.822218715952092,4.429331069372187,10.35,9.074290239965803,0.012333747315415,0.3420465122299901,0.5936276518363988,0.051981321264294,0.70681643,0.1484242205658745,0.0055660942626157,-0.1775387931903716,2
PB,B084,EH,33.61157,-116.45637,1271.0,500.0,manual,0.57,15.039999961853027,1587.0,manual,0.61,ci10255481,2007-06-17 20:31:08.710000,,32.7946667,-116.6596667,0.25,81.0,0.28,15.96,1.1,2.03,ml,CI,,0.8323,92.56,191.7,2348.0,2007-06-17 20:31:18.750000,earthquake_local,B084.PB_20070617203117_EV,38.20000076293945,36.20000076293945,39.59999847412109,38.0,42.979074226029255,637.7488403320312,14.838589518659148,29.802086132145305,-0.661468386361823,0.2537089514919153,105.76370334087484,9.844084414111167,6.259410630234698,7.95,9.690274561433675,0.2282511185921319,0.3893944002248076,0.3063509243306462,0.0760005585280599,41.023808886246506,642.7900390625,15.668706941495124,37.88886363101178,0.7457553772451151,0.2587097849641607,115.35447198578328,10.04357614023785,6.107979013362639,7.2,9.679383647346668,0.1804898716188771,0.4599047421505199,0.2813270282326844,0.0782756446058595,50.86521106540815,711.5330810546875,13.988599794459107,37.42687718600734,0.1497030587738981,0.2923820636772795,163.08836350579224,12.638909087975268,4.853674629198338,11.183333333333334,9.184464842784712,0.0077848493561917,0.2971736015923985,0.6047095302910211,0.0903307130603681,0.8560991,-0.1340656482721603,0.0693280971845854,-0.2216709818790657,2
PB,B084,EH,33.61157,-116.45637,1271.0,400.0,manual,0.52,17.969999313354492,1670.0,manual,0.52,ci10257241,2007-06-23 05:02:17.980000,,32.675,-116.098,0.26,89.0,0.5,8.38,1.04,1.41,ml,CI,,0.9812,109.12,162.3,2537.0,2007-06-23 05:02:31.950000,earthquake_local,B084.PB_20070623050230_EV,20.200000762939453,18.39999961853028,19.39999961853028,19.33333333333333,6.819468959229951,75.99800109863281,11.14426967158077,20.98298436082244,-0.2616685970656143,0.2665444240706784,8.872040904472849,10.16517492448864,7.126559590154344,8.233333333333333,9.701660854679462,0.2568973274985613,0.3949541314426838,0.2670246085727856,0.0810620656429806,6.81347833216629,62.71429443359375,9.204446154546476,10.58882529606046,-0.0747307748756214,0.2817136189364894,10.268350016363923,10.37958400367434,7.439634099572725,4.0,9.64456751365818,0.2962447393952072,0.3098468076216423,0.3028201973910995,0.0910236747201245,6.5043676187946815,53.91264343261719,8.288683326697898,10.625573581788824,0.0382015314914988,0.3197199533255542,15.193291418434422,12.957242391396946,6.113790319964664,9.466666666666669,9.465064048182604,0.0177296172029098,0.3280431927470278,0.550615130382374,0.103581655837386,0.6747305,0.2193574672907697,0.0269221681084086,-0.0845099151052591,2
PB,B084,EH,33.61157,-116.45637,1271.0,700.0,manual,0.62,11.039999961853027,1495.0,manual,0.62,ci10259993,2007-07-06 18:29:00.310000,,33.0088333,-116.469,0.21,80.0,0.32,9.66,1.26,1.86,ml,CI,,0.6012,66.86,181.0,2410.0,2007-07-06 18:29:04.350000,earthquake_local,B084.PB_20070706182903_EV,32.900001525878906,31.700000762939453,38.29999923706055,34.300000508626304,46.11814069465412,440.4112243652344,9.549630963684656,14.317656757247516,-0.0285992054462919,0.2537089514919153,105.95252331538056,12.6781775996652,7.540055672350674,10.533333333333331,10.053487167118265,0.1706192260742354,0.2132795555338143,0.4747910851143792,0.1413053350067223,46.85385535802051,470.51263427734375,10.042132727009427,14.519372577381898,0.1159861408007494,0.2657109518253042,97.7098676955139,12.758465874114576,7.721160758772113,14.35,10.07467432090831,0.162275677900022,0.2875293191183703,0.3834675648494933,0.1667234898819413,69.03544313785157,1029.8912353515625,14.918296871000766,38.99275803995218,0.5655086037221537,0.2943823970661777,241.7784219652898,13.205032549365226,5.427123361502349,10.733333333333333,9.099004674964933,0.0027906448118506,0.2699713327721716,0.6242872515728173,0.1029498179012802,1.0500774,-0.0171184083876172,0.0195605987804144,-0.1707519431973832,2
PB,B084,EH,33.61157,-116.45637,1271.0,797.0,autopicker,0.93,12.449999809265137,1677.0,autopicker,0.49,ci10260661,2007-07-10 11:59:03.210000,,32.9521667,-116.256,0.26,58.0,0.28,11.16,0.81,1.68,ml,CI,,0.6787,75.48,165.8,3157.0,2007-07-10 11:59:07.690000,earthquake_local,B084.PB_20070710115906_EV,27.200000762939453,25.89999961853028,28.5,27.20000012715657,16.648390267801908,154.98101806640625,9.309069259755432,11.98811612244423,0.0436074259974439,0.2700450075012502,31.57203618389676,12.266515279988589,6.477928028115145,9.666666666666666,9.863553241284375,0.1471849137114655,0.2544849125754235,0.4847966808152643,0.1135259114288381,18.22670729697286,181.7165679931641,9.969796795021995,10.669532438046792,-0.2244644663386393,0.2770461743623937,40.896199081683335,11.269147506630611,6.666031893874099,13.133333333333333,9.787846522729923,0.2188770620592124,0.2920403079789204,0.3855108152488999,0.1035678277276327,23.10974433145763,197.54635620117188,8.548184409477273,10.7025350503968,-0.2213211757419832,0.2857142857142857,49.25133939074144,12.532783450883148,4.752258709375358,9.716666666666669,9.06110051784325,0.0043440963277362,0.3149987769807535,0.5948069177674944,0.0858480507219585,0.9361608,0.1237620639679552,0.0255188911557313,-0.1725109384333724,2
PB,B084,EH,33.61157,-116.45637,1271.0,699.0,autopicker,0.91,7.579999923706055,1233.0,autopicker,0.84,ci10263337,2007-07-18 14:25:45.940000,,33.4106667,-116.8756667,0.24,37.0,0.26,4.48,1.76,2.24,ml,CI,,0.4036,44.88,240.0,2426.0,2007-07-18 14:25:46.530000,earthquake_local,B084.PB_20070718142545_EV,39.79999923706055,44.70000076293945,41.0,41.833333333333336,104.5244425819895,1034.04931640625,9.892894818311389,16.323670731718217,-0.0483794696701037,0.1993665610935155,119.27238370068754,9.09588480820552,6.530651932885087,4.5,9.503495428932482,0.2876475721183745,0.4402370364534322,0.1826238257267008,0.0894912385204498,150.14240110033242,1844.659912109375,12.28606908235525,39.29462714144124,0.3238838243578271,0.1970328388064677,286.99510279628373,6.55463022637341,5.090167999564181,3.583333333333333,8.670997796008049,0.5923215986654158,0.2857371115287307,0.0859132870695952,0.0360273791473386,109.66282908722424,864.9437866210938,7.887301411247833,12.935590273088684,0.1896885016308999,0.2480413402233705,182.6127779935173,12.029452102431453,5.379712992046823,11.15,9.14968708101074,0.013344256105656,0.3759740109318958,0.5107520125859356,0.0999296142572974,0.59943753,0.1028678463312255,-0.061650397648729,0.070181273181604,2
PB,B084,EH,33.61157,-116.45637,1271.0,800.0,manual,0.66,9.619999885559082,1527.0,manual,0.58,ci10265513,2007-07-25 02:39:28.340000,,33.0936667,-116.3711667,0.25,41.0,0.35,12.72,0.79,1.65,ml,CI,,0.5214,57.99,172.2,2497.0,2007-07-25 02:39:29.960000,earthquake_local,B084.PB_20070725023928_EV,27.700000762939453,27.799999237060547,29.39999961853028,28.299999872843426,24.616236971655827,275.69482421875,11.19971442167203,11.7096482675277,-0.0227023519545298,0.2867144524087348,16.645490012801474,14.21917395834944,8.15456826566981,4.016666666666667,10.06362460708602,0.1324674621046608,0.230909252011577,0.4094800816750816,0.227135359154915,26.49062201547409,228.0447235107422,8.608507696706152,8.984086594868009,-0.0437260872679732,0.2845474245707618,19.19892917824848,13.425765941364814,8.196158457030961,9.066666666666666,9.996378067925532,0.1438762153812739,0.2890649890879677,0.378502821575395,0.1885536823941133,33.72430423739629,276.7191467285156,8.20533300792805,10.178613691447648,-0.0098612769216034,0.3022170361726954,40.72241351478132,14.279907040589377,6.37243808973819,9.75,9.300652057000596,0.0030792396677651,0.2216361287729875,0.6177658780910825,0.1575175120178496,0.9325817,0.0616772772212475,0.0644875329431403,-0.1846960901824287,2
PB,B084,EH,33.61157,-116.45637,1271.0,499.0,autopicker,0.94,5.130000114440918,872.0,autopicker,0.7,ci10267417,2007-08-01 03:20:30.540000,,33.3326667,-116.4305,0.22,29.0,0.26,4.33,1.61,1.99,ml,CI,,0.279,31.03,175.6,1479.0,2007-08-01 03:20:30.680000,earthquake_local,B084.PB_20070801032029_EV,50.59999847412109,49.09999847412109,53.09999847412109,50.93333180745443,197.90294470263612,4106.8974609375,20.75207858634149,93.31015556075016,-0.9057030861240726,0.2807134522420403,1231.5372358150985,13.438287643758883,7.016123661421779,14.416666666666666,10.10040702305973,0.0965124686964307,0.2417157590103305,0.5234931969237341,0.1382784912081724,205.26172485268583,3962.1435546875,19.302885413883605,76.52331591958512,-1.4655659646966108,0.2870478413068845,1483.533373135731,13.732754705333887,7.297635116573419,11.533333333333331,10.171452624022916,0.102337030465636,0.2553233267527308,0.4540398986920032,0.1882996894648396,215.73790497952297,2882.869140625,13.36283088916911,38.67441249620415,0.2943494012019551,0.2905484247374562,1071.05450457665,14.568002264766475,6.234645748025646,10.283333333333331,9.68015189284519,0.0059020581989975,0.2049215950170731,0.647347567020907,0.1418280821541689,0.75663537,0.1954307231925839,0.2005935439397757,-0.0423411172533061,2
PB,B084,EH,33.61157,-116.45637,1271.0,700.0,manual,0.52,18.040000915527344,2003.0,manual,0.52,ci14311424,2007-08-04 23:56:22.810000,,32.9311667,-117.305,0.19,222.0,0.53,5.32,,1.61,ml,CI,,0.9828,109.3,226.0,3072.0,2007-08-04 23:56:33.850000,earthquake_local,B084.PB_20070804235632_EV,21.700000762939453,22.39999961853028,22.200000762939453,22.100000381469727,10.83051939571168,105.28880310058594,9.7214915789057,15.49751193975515,0.1847021455373899,0.2775462577096182,7.864648379108457,8.633406009444553,6.28612851766404,3.983333333333333,9.524331754621963,0.2956190075429026,0.4083254233245056,0.2393510184359186,0.0566460461444637,9.850834934866675,116.12218475341795,11.78805507565736,23.643350814238666,-0.0211027398961366,0.2720453408901483,3.4019073687419783,8.945827771546844,6.627455910064211,3.3,9.455533830006225,0.416386711792842,0.2582060404005148,0.2651011901795097,0.0602192061661266,11.19525756251002,112.5941162109375,10.057304674077857,19.176270524564803,0.0839643246693979,0.3028838139689948,13.221009910251547,11.98871135850396,4.898952604466425,11.566666666666666,9.029567616768343,0.0106699004599572,0.363461175436269,0.5609765144457074,0.0648555084176198,0.7646864,-0.0403029412724915,0.1056594113747886,0.0249882111380139,2
PB,B084,EH,33.61157,-116.45637,1271.0,700.0,manual,0.59,11.229999542236328,1502.0,manual,0.59,ci14311528,2007-08-05 16:04:17.040000,,33.0943333,-116.0593333,0.28,58.0,0.4,5.49,,1.47,ml,CI,,0.6136,68.24,147.4,2116.0,2007-08-05 16:04:21.270000,earthquake_local,B084.PB_20070805160420_EV,29.799999237060547,33.400001525878906,28.200000762939453,30.46666717529297,17.49864988425817,200.2334899902344,11.442796519425476,29.14351119171592,-0.3258649565068149,0.2912152025337556,90.2752917203889,7.405287781255605,6.766617896414172,4.0,9.116582448261637,0.5651743122343973,0.25231774166272,0.1147717034904369,0.0677284431255404,26.839938739822905,395.063720703125,14.719248226783831,62.08184734032524,-0.3298443524510082,0.2837139523253875,199.50304609823283,6.370546643882871,5.001261165240829,4.666666666666667,8.354245039601906,0.5350530797238132,0.364148712783908,0.0650307626248031,0.0357629353858677,16.530166460917833,165.7881622314453,10.029430896743673,18.651059974270417,0.0128231387908592,0.3308884814135689,90.79508410430071,12.120055917205336,6.47155452418435,9.316666666666666,9.254231593147772,0.0492853768436368,0.3897534512488743,0.4527296385531887,0.1082221363715194,0.5159169,0.2123817263203413,0.0288079709298305,0.0600448331445667,2
PB,B084,EH,33.61157,-116.45637,1271.0,501.0,autopicker,0.9,7.409999847412109,1009.0,autopicker,0.53,ci14313896,2007-08-17 06:27:58.830000,,33.461,-116.8855,0.3,31.0,0.2,10.95,0.54,2.47,ml,CI,,0.3886,43.22,247.1,1848.0,2007-08-17 06:28:01.230000,earthquake_local,B084.PB_20070817062800_EV,57.09999847412109,54.400001525878906,55.5,55.66666666666666,337.22707625580216,4807.46337890625,14.255864126579116,49.25809896209066,-0.6990108489664847,0.260543423903984,946.382751388836,11.20365528554027,7.993044626548503,5.783333333333333,9.898942062726794,0.2335174667945492,0.3719113378969553,0.2535611764416021,0.1410099849554019,328.5105305668946,5525.01708984375,16.818386553117485,63.60968232884551,-0.0410760485645594,0.2635439239873312,804.0899554567327,10.906919846465918,8.40454350084829,3.5166666666666666,9.725135383146617,0.3785221014225762,0.1918082715325126,0.2934737095861921,0.1361958505094462,334.2172543587387,4719.4296875,14.120843929961516,36.02294480779735,1.1700683492144872,0.287547924654109,812.2585180565735,14.569952192519953,6.941819615010499,9.066666666666666,9.759831120778069,0.0154816120696382,0.2859705512371409,0.5400296606903651,0.1585053830934925,0.7099104,-0.1479493938301296,0.085968140311731,0.0338148233047957,2
PB,B084,EH,33.61157,-116.45637,1271.0,700.0,manual,0.52,18.0,1989.0,manual,0.52,ci14314152,2007-08-18 15:39:24.610000,,32.664,-116.1106667,0.26,147.0,0.37,9.37,0.63,1.74,ml,CI,,0.9885,109.93,163.1,3199.0,2007-08-18 15:39:35.610000,earthquake_local,B084.PB_20070818153934_EV,23.200000762939453,21.799999237060547,25.600000381469727,23.53333346048991,12.003643924881093,126.71408081054688,10.55630120349493,13.633745140110118,-0.5323444044166361,0.2442073678946491,6.097834344877469,9.230058529245392,6.154091754710976,3.6,9.549719191515663,0.3004112592071556,0.393310479543203,0.2495604821107098,0.0566907802254989,13.873582288538511,118.0738754272461,8.510698460684619,9.663756305135488,-0.1107329624253048,0.2393732288714785,12.076790888324387,8.975179645408051,5.836978799181443,4.116666666666666,9.448034520256266,0.3133496143817729,0.3729175500373199,0.2627234654771549,0.0509969956294403,16.18053014803544,132.78382873535156,8.20639543454474,10.867899051444835,-0.1385341517503487,0.2873812302050342,17.19440371198191,11.374907242282871,4.246432154080016,9.583333333333334,8.811291166497126,0.0103212169332295,0.4955112059249185,0.4540516408314485,0.0401104713013365,0.88198066,-0.0352336153719534,0.0387958920309938,-0.1514400935605158,2
PB,B084,EH,33.61157,-116.45637,1271.0,900.0,autopicker,0.92,8.010000228881836,1431.0,autopicker,0.54,ci10272213,2007-08-25 05:02:50.810000,,33.2933333,-116.769,0.22,44.0,0.27,12.41,0.86,1.81,ml,CI,,0.4112,45.72,219.3,1997.0,2007-08-25 05:02:49.820000,earthquake_local,B084.PB_20070825050248_EV,39.09999847412109,42.29999923706055,42.0,41.13333257039388,80.08207699964149,1800.638916015625,22.48491776785068,119.9601845933707,-1.6968356235443791,0.2920486747791299,517.6308279503035,10.39858067044806,6.901523454730207,10.05,9.80846723203386,0.1548553582208869,0.4507763295644684,0.2807310379180365,0.1136368986561444,81.61437338860631,1257.2559814453125,15.40483531569735,67.78434661050831,-0.919576737075563,0.2947157859643274,552.2558514283191,9.870326949709794,6.602084933380072,8.633333333333333,9.7137883682418,0.2353587712718111,0.4427672904777762,0.2355403745906058,0.0863331568367515,107.58876015500256,2279.3828125,21.186068221402547,128.2296559488225,-1.2892751674509404,0.3077179529921653,750.6289029569433,13.15609474876115,4.611861396168389,11.416666666666666,9.15086947415591,0.0037098719510386,0.1631802043743455,0.7328179854791511,0.1002917974248483,0.9409399,-0.0368480060402306,0.0555647368807034,-0.2435165818570004,2
PB,B084,EH,33.61157,-116.45637,1271.0,600.0,manual,0.52,18.3700008392334,1875.0,manual,0.52,ci10275393,2007-08-31 23:26:53.580000,,32.6778333,-116.038,0.28,144.0,0.35,7.59,0.99,1.57,ml,CI,,0.9952,110.67,159.6,3199.0,2007-08-31 23:27:05.950000,earthquake_local,B084.PB_20070831232704_EV,18.700000762939453,19.600000381469727,21.5,19.93333371480306,6.887887326983042,68.52891540527344,9.949192277988342,13.283097018721731,-0.1322517491546958,0.2758793132188698,5.859664438649699,10.398519712751623,7.47194161761355,3.8333333333333335,9.762997903314965,0.3085194363402521,0.2717317339471353,0.3171581398586512,0.1025241337965513,7.787366087491901,66.61300659179688,8.553984215380725,9.703430391580872,0.1697062454170425,0.2802133688948158,9.122041885024624,9.999518012821952,6.960166979117163,3.2666666666666666,9.68250581351198,0.2540443394491728,0.3725712175189862,0.2907087109355146,0.0826282718707356,8.000859125165713,67.93860626220703,8.491413884355813,10.809619324367173,-0.0307422966432308,0.3100516752792132,10.048335272542683,12.37620113660156,5.427670203325152,9.916666666666666,9.141466379312975,0.0137679255939373,0.3157008845940163,0.5954630922296716,0.0750388435218669,0.7695765,0.083355915914647,-0.0412333943179056,-0.1272355407505006,2
PB,B084,EH,33.61157,-116.45637,1271.0,600.0,manual,0.6,11.229999542236328,1421.0,manual,0.64,ci10276125,2007-09-04 03:52:20.200000,,33.0931667,-116.048,0.24,59.0,0.3,5.58,,1.73,ml,CI,,0.6198,68.92,146.8,2207.0,2007-09-04 03:52:25.430000,earthquake_local,B084.PB_20070904035224_EV,33.900001525878906,38.0,38.0,36.63333384195963,31.159674164199807,424.261962890625,13.615738106082992,44.80921972619387,0.5542285643736609,0.2925487581263544,187.11953595573857,10.729406863228196,8.469332611010813,3.216666666666667,9.77992745422002,0.3971630741399359,0.1964597454516813,0.2380252869403833,0.1683491561487322,38.47684150196496,526.4488525390625,13.682226294800667,40.3622070232969,-0.148231153275456,0.2948824804134022,288.0887820510408,10.40518369912869,7.15467898944268,6.383333333333333,9.556999032532277,0.1879362257882929,0.4853795424906159,0.2015342460113257,0.1251467507063921,39.36218607975516,361.69091796875,9.188791426266226,19.19776892258168,0.235746912820286,0.3175529254875812,265.9827168855681,13.5352326783493,5.624540362492117,10.983333333333333,9.203717901969783,0.0080867843370978,0.1787123950702667,0.6851211021676569,0.128078664308933,0.7950103,-0.0036520698896987,-0.0286340926717961,-0.0527300330132797,2
PB,B084,EH,33.61157,-116.45637,1271.0,801.0,autopicker,0.93,5.409999847412109,1212.0,autopicker,0.82,ci10276153,2007-09-04 09:47:00.290000,,33.36,-116.282,0.29,26.0,0.26,4.71,,2.3,ml,CI,,0.2902,32.27,150.0,1956.0,2007-09-04 09:46:57.690000,earthquake_local,B084.PB_20070904094656_EV,55.59999847412109,54.400001525878906,55.09999847412109,55.03333282470703,394.9227432886674,4734.58984375,11.988648220974367,30.076623572020274,-0.1806169157888141,0.3192198699783297,895.8731204846006,17.097761465450816,9.927047960656065,3.4166666666666665,10.440391490271402,0.1436657659775176,0.1310245308847416,0.3751122240878725,0.3501974475893242,483.9591290203458,11801.482421875,24.38528733978869,126.76138815343064,-1.7768782702157917,0.3148858143023837,1583.3755897815672,15.22070109652568,8.589123260194313,7.933333333333334,10.334374214391076,0.067168155717706,0.2437884662383779,0.4461470098440979,0.2428963557124696,482.1451117981821,8550.3359375,17.73394716294257,37.69584677760896,1.051787479472536,0.3243873978996499,1004.5402068573468,17.53982784234379,8.425768555702641,11.633333333333333,10.21805384371602,0.013244263385943,0.158445104607299,0.5374065423078731,0.290903115178431,0.7718715,0.0911300871789714,-0.0607957116453773,-0.1618600928765558,2
PB,B084,EH,33.61157,-116.45637,1271.0,500.0,autopicker,0.94,5.0,861.0,autopicker,0.76,ci10276165,2007-09-04 12:48:30.840000,,33.652,-116.7545,0.26,20.0,0.21,12.83,0.32,2.46,ml,CI,,0.252,28.02,279.2,1441.0,2007-09-04 12:48:30.840000,earthquake_local,B084.PB_20070904124829_EV,61.59999847412109,57.29999923706055,61.79999923706055,60.23333231608073,656.2758107726052,15662.857421875,23.86627263228824,137.04111214798235,-0.8096357455658559,0.2847141190198366,2148.5286451830416,15.815447813375508,7.886403224219919,13.833333333333334,10.307506245391783,0.0942132285373671,0.1403036640291714,0.4934209337072255,0.2720621617849473,625.9773298502246,12770.173828125,20.40037748839958,108.26468475680456,-1.6410211620737445,0.2805467577929655,1811.5489109203,13.32911450515746,8.227147246100571,10.05,10.011778017949538,0.1263752289573206,0.3199869666810673,0.3652053315829501,0.1884324660985331,707.9025238257898,17824.90625,25.17988797902152,134.6646616170325,-0.9811374408268596,0.300550091681947,1832.7882130115129,16.128591968653605,6.812552149565246,11.633333333333333,9.778391645942426,0.0144629806163684,0.0930432479198789,0.6663308933482902,0.2261617578755862,0.78053695,-0.079753793392215,-0.0464388953049622,0.1893608645306187,2
PB,B084,EH,33.61157,-116.45637,1271.0,698.0,autopicker,0.88,7.360000133514404,1206.0,autopicker,0.85,ci10278153,2007-09-10 08:42:55.480000,,33.454,-116.8846667,0.27,44.0,0.21,10.77,0.71,2.06,ml,CI,,0.3907,43.45,246.1,1936.0,2007-09-10 08:42:55.860000,earthquake_local,B084.PB_20070910084254_EV,45.20000076293945,48.0,48.29999923706055,47.16666666666666,109.99557119595302,1446.0716552734375,13.146635264953664,28.17964854122122,0.347128865797001,0.2710451741956993,442.59145840711545,13.439784101065095,8.156535627136618,3.183333333333333,10.1136826139865,0.1952964909728186,0.1963489984855558,0.3986640323612807,0.2096903382433028,143.94558879741672,2868.64453125,19.928672738191484,95.5483446201419,0.730529131908609,0.2802133688948158,838.8631088058677,9.831765000739134,7.272359134861602,3.3666666666666667,9.548762173532008,0.3990480761094955,0.1906991464974246,0.3269081837000975,0.0833444206873269,166.48088547363332,3230.298828125,19.403421713759467,58.25659657747819,1.2976080825640457,0.2948824804134022,863.5786733891268,12.737296843177116,4.895261152553274,9.816666666666666,8.882461958863367,0.0027777295601257,0.2458840548531232,0.6723364493942056,0.0790017050930154,0.91896576,-0.1982543002494176,0.0228764083895313,0.0283121427952386,2
PB,B084,EH,33.61157,-116.45637,1271.0,500.0,manual,0.65,9.619999885559082,1169.0,manual,0.58,ci10279953,2007-09-13 13:11:07.590000,,33.114,-116.6081667,0.2,42.0,0.3,14.96,0.41,2.03,ml,CI,,0.5122,56.97,194.3,1906.0,2007-09-13 13:11:12.210000,earthquake_local,B084.PB_20070913131111_EV,40.20000076293945,39.400001525878906,44.0,41.20000076293945,67.55582063063932,1233.0333251953125,18.25206641981168,78.75211956805255,-0.4391003297382846,0.247541256876146,416.7042900473418,9.951675777305791,6.4755079561028905,4.9,9.724973498105122,0.2687845644424584,0.3316458132695429,0.2958887983569603,0.1036800296349104,79.78810678501033,1388.4588623046875,17.40182739322166,85.09379494588698,-1.686197735094185,0.2437072845474245,542.0514023909968,8.506704258975274,5.904492517475761,3.25,9.478402720119162,0.3490545249801927,0.3714755183228971,0.2140982252753618,0.0653712943696724,75.50808972234987,1090.8123779296875,14.446298164086842,38.68821007826424,-0.9407875685146108,0.2710451741956993,438.4407651057271,12.422279615014826,4.5766635046652295,12.133333333333333,9.154764168477415,0.0204563953404929,0.2673087568567926,0.6551017776159046,0.0571328294752669,0.72224534,-0.1757872312757141,0.0501484505786659,-0.0605517136971757,2
PB,B084,EH,33.61157,-116.45637,1271.0,800.0,manual,0.54,17.899999618530273,2022.0,manual,0.53,ci10280509,2007-09-14 18:40:16.770000,,32.6853333,-116.1003333,0.27,83.0,0.32,9.76,0.65,1.85,ml,CI,,0.9708,107.96,162.3,2948.0,2007-09-14 18:40:26.670000,earthquake_local,B084.PB_20070914184025_EV,24.39999961853028,25.39999961853028,26.200000762939453,25.33333333333333,16.547899469701555,223.90072631835932,13.530462082411807,25.134448731678702,-0.6554474835891652,0.2362060343390565,2.880780845335449,10.424159434600588,5.967831034075767,8.216666666666667,9.658906964844466,0.1959924189198208,0.4015798105287234,0.3317483462857515,0.0706556538550266,18.30343042186904,171.75868225097656,9.38396127349758,14.84156273749035,0.1945102581047344,0.2420403400566761,7.207239561112289,9.864105589014834,5.90746109174441,4.166666666666667,9.67721034056747,0.2159634058590328,0.3784871056149714,0.3453258809115463,0.0602136605719361,19.739120530572063,167.82589721679688,8.502197296828252,16.35338577431156,-0.2080901851529063,0.2768794799133189,7.752120711488159,12.142392282560497,4.298210173766733,9.9,9.056754231718728,0.0082688883774257,0.3238928334648651,0.6159824856562155,0.0518506386796707,0.799969,0.0484777066478035,0.0188946326549049,-0.0967211252778097,2
PB,B084,EH,33.61157,-116.45637,1271.0,599.0,autopicker,0.91,8.199999809265137,1152.0,autopicker,0.81,ci10281117,2007-09-18 20:02:15.050000,,33.3123333,-116.8351667,0.23,40.0,0.26,7.79,1.01,2.42,ml,CI,,0.4351,48.39,226.5,1953.0,2007-09-18 20:02:17.260000,earthquake_local,B084.PB_20070918200216_EV,52.09999847412109,52.0,51.900001525878906,52.0,277.48768407042576,4320.98828125,15.57182004572622,51.78930929988557,0.0672933623572629,0.2437072845474245,397.3713699290393,10.3293379321881,7.151750253104966,6.05,9.660106624230862,0.1371304660050086,0.5179395300009768,0.2325839165905061,0.1123459865948948,298.21176195532155,4373.3994140625,14.66541556036186,47.69626992645091,0.1295150669608755,0.2500416736122687,481.37966891855166,8.533880010607417,6.924556210600975,3.8333333333333335,9.342253035685577,0.4810150084799154,0.2434110624034786,0.1975623498130433,0.078011476448963,266.3900485006475,3524.532958984375,13.230723065001463,35.96616485338284,0.2418734864811141,0.28104684114019,244.13332718646788,13.771535506387014,6.3289031348526565,12.266666666666666,9.70022950850195,0.0171038900335162,0.2322161371913141,0.6250477161928033,0.1256248068175407,0.6539672,0.1224381398230086,-0.1463888130499599,0.0297158940134793,2
PB,B084,EH,33.61157,-116.45637,1271.0,601.0,autopicker,0.92,5.170000076293945,972.0,autopicker,0.8,ci10283169,2007-09-29 22:37:00.900000,,33.6896667,-116.7351667,0.24,30.0,0.22,16.81,0.44,1.95,ml,CI,,0.2453,27.27,288.5,1647.0,2007-09-29 22:37:00.060000,earthquake_local,B084.PB_20070929223659_EV,47.09999847412109,49.70000076293945,49.400001525878906,48.73333358764648,158.88633105708132,2588.00927734375,16.288432492119064,70.97733739306072,-1.5554574527385534,0.2933822303717286,1639.633823133788,10.679175893599322,8.492344694940597,4.216666666666667,9.822914218892828,0.3970635332151095,0.2190724609007512,0.2320806973144663,0.1517830610020115,165.18537885204415,2597.29931640625,15.723542449435794,69.4900395467218,-1.1245979919317866,0.3088848141356893,1909.1608678977389,12.012490477987017,8.026468575314869,8.05,10.011749599754337,0.1233863427140802,0.4801809824224898,0.2242336435505102,0.1721988725409071,170.9089956185916,2509.357421875,14.68241863333512,48.53946154412016,0.1041710281713702,0.310218369728288,1422.6239155752644,14.421861775844716,6.685011047009231,11.25,9.505926696146911,0.0042706444482267,0.2153497575942804,0.5952353837254155,0.1851441653028688,0.7456873,-0.1655462877403694,0.0059959148474655,0.1085279667328134,2
PB,B084,EH,33.61157,-116.45637,1271.0,699.0,autopicker,0.92,5.170000076293945,1079.0,autopicker,0.74,ci10283201,2007-09-30 01:03:34.570000,,33.6856667,-116.7571667,0.3,21.0,0.19,14.12,0.26,2.11,ml,CI,,0.2616,29.09,286.4,1859.0,2007-09-30 01:03:32.750000,earthquake_local,B084.PB_20070930010331_EV,50.09999847412109,45.79999923706055,50.0,48.63333257039388,176.48435768336986,2434.402587890625,13.793871705379017,34.997767669745414,0.5965661898844019,0.2770461743623937,809.6357988201588,12.140456242695311,11.089582289804284,3.466666666666667,9.749395254664444,0.3993406064528702,0.2300875868761878,0.1003971364103626,0.2701745598805377,153.95116602764915,1724.6051025390625,11.20228671882439,25.87163490460576,-0.3711012765312659,0.2895482580430071,666.3328661398276,14.776383247399384,11.34692521107719,3.2,10.109557248217628,0.2328016858394811,0.2858712469046752,0.1340989959715265,0.3472279772351901,179.03573633933573,1917.2799072265625,10.708922958222388,19.89330381630235,-0.2149801801247007,0.301550258376396,552.5732908187703,16.622801216297695,9.313973710012046,10.7,9.806161636956457,0.0129789678559472,0.2607986263288572,0.3948239569573867,0.3313984160489731,0.7644702,-0.0038805390862935,0.0499331744952541,0.0743748130849139,2
PB,B084,EH,33.61157,-116.45637,1271.0,899.0,autopicker,0.93,4.090000152587891,1183.0,autopicker,0.88,ci10283301,2007-09-30 22:27:36.210000,,33.4465,-116.5893333,0.26,34.0,0.21,10.53,0.43,1.91,ml,CI,,0.1986,22.08,213.8,1694.0,2007-09-30 22:27:31.310000,earthquake_local,B084.PB_20070930222730_EV,45.0,50.09999847412109,51.0,48.699999491373696,406.53639982173655,11442.6787109375,28.14675073610884,374.575542031478,-1.933154181166141,0.2802133688948158,4456.025804260473,8.981657208297479,5.270069907214469,5.4,9.535836441269169,0.1219607668540554,0.6496433580952838,0.1614362971551837,0.0669595630932253,299.71699931437047,8342.447265625,27.834414746941604,226.5945682832705,-4.715952856742181,0.2868811468578096,2278.364337318045,10.598017170528014,6.179640120156758,8.916666666666666,9.83649100024831,0.1488707796893345,0.4753931334830567,0.2684475542777252,0.1072885021840935,313.40491848959147,5958.7041015625,19.012797023989258,123.0285093588848,-1.59161126111566,0.3002167027837973,1332.0893826534352,12.676614892829235,5.043240597141741,11.3,9.522028247531866,0.0496324791806568,0.2030937431018187,0.687076343009318,0.0601859524870555,0.62051,-0.449405394826435,-0.0005016591541537,-0.0770380711699787,2
PB,B084,EH,33.61157,-116.45637,1271.0,800.0,manual,0.65,3.990000009536743,1077.0,manual,0.58,ci10283317,2007-10-01 00:39:13.030000,,33.4501667,-116.5875,0.2,47.0,0.28,9.82,0.65,1.72,ml,CI,,0.1947,21.65,214.1,1581.0,2007-10-01 00:39:09.020000,earthquake_local,B084.PB_20071001003908_EV,46.0,45.400001525878906,51.400001525878906,47.6000010172526,239.52098539740115,5783.90087890625,24.147783415761644,271.9353275975215,-1.2403202823591486,0.3155525920986831,4190.996493383165,13.552233120613016,8.314816770668466,6.433333333333334,10.19159299787446,0.062003683169928,0.4421328936770151,0.2358188514323941,0.2600445187265542,216.14432357576155,6243.2099609375,28.884450249044683,269.0278728281798,-2.126880231932893,0.3153858976496083,3121.409401192748,13.686470495827477,7.937321938746921,8.9,10.208065821926072,0.0837615604684647,0.372030340770721,0.3270262345303559,0.2171817943328596,229.1612595890525,5239.8115234375,22.865171595032624,108.83245696891424,-1.9032474322632835,0.3248874812468745,2285.645669276864,15.435053830862923,6.665468539863245,11.283333333333331,9.814254556601874,0.0087904648090859,0.1551885123909996,0.6671536748909133,0.168867199712533,0.71029615,-0.1732728353261449,0.0083744251554756,-0.1026058005081181,2
PB,B086,EH,33.5575,-116.531,1392.0,800.0,manual,0.64,9.550000190734863,1472.0,manual,0.6,ci14297248,2007-06-10 11:51:13.450000,,33.2425,-116.0395,0.39,40.0,0.4,3.54,1.13,1.67,ml,CI,,0.5174,57.54,127.6,2295.0,2007-06-10 11:51:15,earthquake_local,B086.PB_20070610115114_EV,37.79999923706055,36.59999847412109,33.599998474121094,35.99999872843424,45.71405318747715,457.7468872070313,10.013264090361297,17.841367707531504,-0.3109546027566921,0.3198866477746291,306.5223304527446,15.098618032352752,7.678107076080679,13.166666666666666,10.19276089893647,0.0667524670647312,0.2302253079976344,0.4507604251435552,0.252260873894035,51.37281354161247,585.3221435546875,11.39361664668358,20.418608371597625,-0.2916607400827004,0.3063843973995666,354.2135795673823,15.246219701026057,7.578338275422766,12.783333333333331,10.17309465627285,0.0671284703081128,0.2169574831987377,0.4499958400818904,0.2659162227599989,38.7364481518593,483.84716796875,12.490746856085355,17.221320085773748,-0.128493372479047,0.3200533422237039,287.8173210300656,16.58208472100066,8.360267877632882,12.1,10.279864911925332,0.0796857447150144,0.1658943358690221,0.4194196466644402,0.3349977472790961,0.5632975,0.2305633411838383,-0.0089386622092661,0.0450482466800155,2
PB,B086,EH,33.5575,-116.531,1392.0,800.0,manual,0.53,17.43000030517578,2049.0,manual,0.53,ci14297312,2007-06-10 23:42:34.900000,,32.699,-116.0515,0.33,112.0,0.4,8.44,1.13,1.85,ml,CI,,0.946,105.2,155.1,2934.0,2007-06-10 23:42:44.330000,earthquake_local,B086.PB_20070610234243_EV,23.200000762939453,23.299999237060547,22.0,22.83333333333333,15.403464307877291,164.142333984375,10.656195950701363,12.64733249597576,0.1669386394048776,0.2775462577096182,9.616144991849444,10.77882079303757,6.629672778735799,3.65,9.783233334839723,0.1977847854039376,0.3413925528446558,0.3624282078780557,0.0983671178945718,15.324554000618535,144.84414672851562,9.45176914921435,14.5007707499622,0.0447273770824092,0.2667111185197532,6.26879781133194,11.22023005797685,6.534047596901159,5.933333333333334,9.807923263886812,0.1457226770159195,0.3474411503972668,0.4123196252558255,0.0944841800738926,13.107674924692,97.69422912597656,7.45320811564696,8.674376576097165,-0.0473745820022236,0.2763793965660943,10.914158619903514,11.34983368300718,7.425817545709752,3.883333333333333,9.99554712488094,0.2312373770116273,0.2389150634268849,0.3978856695114996,0.1319183814882105,0.60326016,0.1262409288142015,0.0553389912551229,0.0774767060370856,2
PB,B086,EH,33.5575,-116.531,1392.0,700.0,manual,0.63,13.979999542236328,1698.0,manual,0.63,ci10255481,2007-06-17 20:31:08.710000,,32.7946667,-116.6596667,0.25,81.0,0.28,15.96,1.1,2.03,ml,CI,,0.7684,85.45,188.0,2343.0,2007-06-17 20:31:15.690000,earthquake_local,B086.PB_20070617203114_EV,37.79999923706055,38.70000076293945,36.29999923706055,37.59999974568685,57.29410779911476,873.9910888671875,15.25446721208374,42.5809643986466,-0.8855277586186187,0.2743790631771962,135.23591056858615,12.491030713379637,6.603676144570833,13.966666666666669,9.924082967440196,0.1429815482307896,0.2476257755848696,0.4938362560886122,0.1155550333666845,61.98418026652906,799.8878784179688,12.904710120848392,44.99240110329872,-0.9685644386323417,0.2833805634272379,147.72476654719748,11.479379332033618,6.61968143980603,4.966666666666667,9.87465958364246,0.1650979123981497,0.3207110139547731,0.4175832945546918,0.0966063277319756,49.72540550303186,598.7227783203125,12.040581112683077,38.58727537922216,0.5953675912477936,0.3177196199366561,177.67863134168124,13.456250459931,7.186503374477444,11.716666666666669,9.946743534365384,0.1120560165627415,0.1836129286215685,0.5439154299286151,0.1604125569445888,0.58911014,0.2965125871930759,-0.2003731548253453,0.0675157206064078,2
PB,B086,EH,33.5575,-116.531,1392.0,600.0,manual,0.53,17.549999237060547,1807.0,manual,0.53,ci10257241,2007-06-23 05:02:17.980000,,32.675,-116.098,0.26,89.0,0.5,8.38,1.04,1.41,ml,CI,,0.9522,105.89,157.8,2534.0,2007-06-23 05:02:29.530000,earthquake_local,B086.PB_20070623050228_EV,21.200000762939453,21.0,18.100000381469727,20.100000381469727,7.142224646974442,67.82634735107422,9.496529541367272,17.280090274767215,-0.247210654990114,0.3057176196032672,11.607308774238891,10.328532617049026,7.622658333457463,4.066666666666666,9.77744489356747,0.3121436276697495,0.3013748189900844,0.2788831280340179,0.1075509651780103,7.106289462923063,77.060546875,10.8439921110816,18.96208399143953,0.3104270534503095,0.3153858976496083,9.563446481929976,10.747628961002675,7.520252462325067,3.733333333333333,9.852850001283638,0.239731325341516,0.3299465559551728,0.3290997736973033,0.1011420679675249,5.888633431632839,47.18063354492188,8.012153259782604,10.636149597426114,0.1180270423143149,0.3112185364227371,8.446500577691117,11.515612670601834,8.434817895106272,4.066666666666666,10.036619584823717,0.2553842418971934,0.2542871392752223,0.3426993833761013,0.1475454865370176,0.58446515,0.1218505810576734,-0.078666607086739,0.0333408333127104,2
PB,B086,EH,33.5575,-116.531,1392.0,400.0,manual,0.67,10.210000038146973,1134.0,manual,0.62,ci10259993,2007-07-06 18:29:00.310000,,33.0088333,-116.469,0.21,80.0,0.32,9.66,1.26,1.86,ml,CI,,0.5497,61.13,174.6,2115.0,2007-07-06 18:29:06.520000,earthquake_local,B086.PB_20070706182905_EV,35.0,33.79999923706055,33.5,34.09999974568685,57.64098964205593,825.1846923828125,14.31593554356226,21.454758246237173,-0.7057646494925034,0.3028838139689948,262.4494181673789,14.986647489301138,8.649148237780508,8.083333333333334,10.241813720116593,0.0818348067121853,0.2847378079190061,0.3636635634366496,0.2697626784968049,55.792144345481965,473.8387756347656,8.492929984920664,14.651264177143062,-0.4280668099826599,0.304884147357893,224.31353073716085,15.175381013112483,8.271466727504258,4.783333333333333,10.19431883285067,0.098394767433126,0.2289463352172983,0.4071756605349684,0.2654800210570419,49.36631684919956,394.3123168945313,7.987476928834821,11.175382343779102,-0.220042693010607,0.3255542590431738,288.14617916256555,17.2320044411882,9.270278961206076,4.8,10.40059522056648,0.1141461901332451,0.1469106724983084,0.3448585074547088,0.3940817989661408,0.6153867,0.1463060472530381,0.0172785813263947,0.0314432461777064,2
PB,B086,EH,33.5575,-116.531,1392.0,796.0,autopicker,0.91,11.93000030517578,1629.0,autopicker,0.78,ci10260661,2007-07-10 11:59:03.210000,,32.9521667,-116.256,0.26,58.0,0.28,11.16,0.81,1.68,ml,CI,,0.6462,71.86,159.3,2463.0,2007-07-10 11:59:07.180000,earthquake_local,B086.PB_20070710115906_EV,28.799999237060547,30.39999961853028,26.600000381469727,28.599999745686848,20.35795023876315,184.78797912597656,9.076944238429546,13.8295924681924,0.3457054750120796,0.304884147357893,52.63038037339104,13.859987430558636,7.302883294121925,7.333333333333333,10.08004518266281,0.1170077807144358,0.2471861045734421,0.4277084405545719,0.2080941913325371,23.524512500996742,236.07809448242188,10.035408575307102,22.750687792971807,-0.1399951892977164,0.3013835639273212,70.00468749310934,13.068914879685352,7.0469756871512095,5.083333333333333,9.987321305481796,0.1523404606682556,0.2475796125229917,0.4360134659027249,0.1640623584321696,17.244459248107074,158.14793395996094,9.170941905720868,11.673433127591322,-0.4492870643220041,0.3107184530755126,51.6491907126406,14.382110367206494,7.99350806618108,12.333333333333334,10.205046407821282,0.1235549729169962,0.21468957253009,0.422536213683501,0.2392041991767461,0.5543012,0.2216958306322878,-0.0875395441056276,0.0175190130240292,2
PB,B086,EH,33.5575,-116.531,1392.0,399.0,autopicker,0.93,6.090000152587891,826.0,autopicker,0.81,ci10263337,2007-07-18 14:25:45.940000,,33.4106667,-116.8756667,0.24,37.0,0.26,4.48,1.76,2.24,ml,CI,,0.3231,35.94,242.8,1826.0,2007-07-18 14:25:48.040000,earthquake_local,B086.PB_20070718142547_EV,47.70000076293945,55.400001525878906,47.20000076293945,50.1000010172526,141.22100997841318,2121.509521484375,15.022619664090106,37.31881461887665,0.0734239714146422,0.2210368394732455,258.7897507854566,9.741614730828838,7.544831178392656,7.033333333333333,9.57580842635788,0.3427378394929956,0.350728189220141,0.1725704117150837,0.1339625170779818,218.6666660208224,3234.482177734375,14.791839271132316,67.0539667534557,1.439014508472359,0.2187031171861977,727.3263148216566,6.918520940923347,5.339640301160329,3.85,8.767649342527116,0.6022217073133828,0.2366691165052811,0.1189275942767254,0.0421813780591648,125.13692299056608,1405.788330078125,11.234001096415849,26.52958019278613,-0.2630021334066308,0.2247041173528921,406.7635309877397,9.910081217963404,8.193628722420168,3.0,9.56947025979688,0.4269476124520272,0.2101050367388899,0.2284844606645188,0.1344618479464538,0.48073268,0.3043361413214157,-0.2100153661164656,-0.378279483108212,2
PB,B086,EH,33.5575,-116.531,1392.0,600.0,manual,0.66,9.050000190734863,1249.0,manual,0.58,ci10265513,2007-07-25 02:39:28.340000,,33.0936667,-116.3711667,0.25,41.0,0.35,12.72,0.79,1.65,ml,CI,,0.4816,53.55,164.0,2112.0,2007-07-25 02:39:31.390000,earthquake_local,B086.PB_20070725023930_EV,29.39999961853028,31.5,26.600000381469727,29.166666666666668,30.345900430095327,252.99952697753903,8.337189649730368,10.266750937409135,-0.1030189686840962,0.3112185364227371,39.93502039628695,16.272841577078644,8.69044467923255,7.533333333333333,10.215617709913992,0.0739293272920478,0.2287199936794225,0.3799793568740079,0.3173657924909034,32.10237294288188,328.9285888671875,10.246239100531088,14.81036597644314,0.4033274705362057,0.3087181196866144,34.65549590302352,15.543778431821517,8.071888116878787,4.8,10.141214801890683,0.0881785313246872,0.1951905949426351,0.4477749335790916,0.2688522394626238,26.2706182364949,238.5356903076172,9.079942015839034,11.375504604008713,-0.0374176062809618,0.3335555925987664,47.34476107260745,17.127508882987424,9.014572786373256,17.116666666666667,10.283598639657626,0.0910643385086357,0.1283048267350688,0.4540572228548514,0.3265625917638645,0.5946934,0.1908124206302086,0.1241636944209774,0.0580354609404082,2
PB,B086,EH,33.5575,-116.531,1392.0,700.0,manual,0.52,17.979999542236328,1993.0,manual,0.52,ci10266685,2007-07-28 01:54:59.820000,,32.697,-115.9541667,0.22,103.0,0.32,5.4,1.68,1.65,ml,CI,,0.9853,109.57,150.8,3006.0,2007-07-28 01:55:10.800000,earthquake_local,B086.PB_20070728015509_EV,19.5,18.799999237060547,16.799999237060547,18.366666158040363,8.413218472491481,70.04444885253906,8.325523589047625,10.997637036563289,-0.1626065169347689,0.2867144524087348,7.330429856348574,11.219309868195868,7.152587125397708,7.183333333333334,9.915389835577836,0.1854726658273817,0.3566132808174464,0.3451409639347103,0.1127495616549485,8.502233883294783,74.02389526367188,8.706405431767086,8.73542026453263,-0.1929361598454259,0.2765460910151692,5.734982693369614,11.274531033876803,7.065432552245162,7.866666666666666,9.8304121895483,0.1541078670991656,0.393643009905874,0.3389003146632418,0.1132837666705408,7.228869330729365,64.37450408935547,8.905196807985506,7.105107982232926,-0.0050862567984825,0.2965494249041507,7.0049395047589496,11.996319761297444,8.504515811339187,2.5,10.133004052865422,0.2646471039490409,0.2095365555483834,0.3498790018153223,0.1757994259136147,0.60436004,0.0791502231673747,0.094137619017849,0.0036480081919036,2
PB,B086,EH,33.5575,-116.531,1392.0,399.0,autopicker,0.93,4.5,741.0,autopicker,0.84,ci10267417,2007-08-01 03:20:30.540000,,33.3326667,-116.4305,0.22,29.0,0.26,4.33,1.61,1.99,ml,CI,,0.2395,26.63,159.6,1342.0,2007-08-01 03:20:31.050000,earthquake_local,B086.PB_20070801032030_EV,55.09999847412109,54.09999847412109,52.29999923706055,53.83333206176758,225.27439444524572,3473.421630859375,15.418625980164869,51.57178158105628,-0.6860361608665962,0.3103850641773629,2027.08010581358,15.794673429682202,9.061170539552576,8.433333333333334,10.271799469254926,0.0897775758143366,0.267657822295581,0.3451611400815131,0.2974034084295804,268.6165430109264,6418.091796875,23.893136755221867,157.77932994695894,0.6359189178870821,0.2987164527421236,2282.51723557934,16.00938348501621,8.487162183403752,14.6,10.336175498415914,0.0844124206637348,0.1900975795902276,0.4445505832138803,0.2809393486234663,183.98184229522656,3445.394775390625,18.72681962746068,64.95366790304433,0.7002856963536281,0.3195532588764794,1976.86014719809,16.670473571084784,9.149587607144554,3.85,10.314342521461183,0.1426828475368198,0.0955666735904985,0.3953123380020462,0.3664380205116959,0.524799,0.3071624492100037,-0.0100299625553141,0.1574776865884049,2
PB,B086,EH,33.5575,-116.531,1392.0,400.0,manual,0.57,16.56999969482422,1600.0,manual,0.57,ci14311424,2007-08-04 23:56:22.810000,,32.9311667,-117.305,0.19,222.0,0.53,5.32,,1.61,ml,CI,,0.9005,100.14,225.7,2645.0,2007-08-04 23:56:35.380000,earthquake_local,B086.PB_20070804235634_EV,21.700000762939453,24.5,20.700000762939453,22.3000005086263,11.159568160594745,100.97513580322266,9.048301363467925,10.955462281891458,-0.2202603579027198,0.3152192032005334,25.753965904406705,12.548280267457358,7.903305966427304,7.016666666666667,9.9642063280534,0.146896098365682,0.2905246094122122,0.4040561490919884,0.1584892625622081,13.5718113723977,126.4831771850586,9.319550184900123,13.690489614059423,-0.3102217017719437,0.2893815635939323,32.384359295586016,10.184584496622785,6.880913006832726,9.083333333333334,9.68356996068057,0.2203965800603307,0.3885802049293353,0.2925156563037421,0.0984716539695462,10.35627393204639,135.50437927246094,13.08427916851031,19.67352182099096,-0.4897047159109329,0.3075512585430905,26.05796914402111,13.664042346301716,7.814997240453649,8.9,9.969114935065734,0.1003879822467658,0.342118976247376,0.3148226174790114,0.2426080194463755,0.5894054,0.1927916199452481,-0.0596265943152432,-0.0149538748952396,2
PB,B086,EH,33.5575,-116.531,1392.0,600.0,manual,0.63,11.029999732971191,1431.0,manual,0.63,ci14311528,2007-08-05 16:04:17.040000,,33.0943333,-116.0593333,0.28,58.0,0.4,5.49,,1.47,ml,CI,,0.6077,67.58,139.7,2110.0,2007-08-05 16:04:22.070000,earthquake_local,B086.PB_20070805160421_EV,29.200000762939453,26.799999237060547,26.0,27.33333333333333,14.418147437649816,153.84657287597656,10.670342604087963,27.28491697374309,0.186389944145678,0.3143857309551592,69.76428617440779,9.611656990809376,8.64120084352878,4.35,9.456070507209722,0.4580085121894161,0.2440066959526673,0.1485646210634651,0.1494121435807202,14.366871688553069,182.0439453125,12.671091470632756,25.8570006659846,-0.0968664896365624,0.3127187864644107,67.62370000588437,10.412705682652089,8.327896854753197,6.35,9.60587647537106,0.2066080216818878,0.490822790355458,0.147459127363359,0.155089416337493,11.763946109830233,133.0864715576172,11.313080688665089,20.43837628193456,-0.3517330058514649,0.3320553425570928,49.6206431901638,10.603494745089918,9.042453754334929,6.4,9.53409304405125,0.2188065220449395,0.4753655313862925,0.1324330458301026,0.1733693806923004,0.57796407,-0.0106038767214875,0.046764354799187,0.2467313174803548,2
PB,B086,EH,33.5575,-116.531,1392.0,400.0,autopicker,0.9,6.070000171661377,816.0,autopicker,0.85,ci14313896,2007-08-17 06:27:58.830000,,33.461,-116.8855,0.3,31.0,0.2,10.95,0.54,2.47,ml,CI,,0.3114,34.63,251.8,1586.0,2007-08-17 06:28:00.900000,earthquake_local,B086.PB_20070817062759_EV,57.0,61.29999923706055,56.400001525878906,58.23333358764648,386.4705253080461,6583.2421875,17.034267185712704,58.03007976502671,-0.940356634219296,0.2812135355892649,1070.6846530128746,15.154230015195736,8.457871887682012,14.166666666666666,10.202030060924264,0.0961751256723911,0.2202597488748873,0.4482762932818753,0.2352888054520632,471.2717411929658,7616.01025390625,16.160549399009724,69.24888655381659,0.8364076505279797,0.2802133688948158,1730.8680797294446,13.44102012009914,8.081477592864859,4.016666666666667,10.186462599860915,0.1431821102623181,0.2751468113011469,0.3929430652887647,0.1887279734051501,305.40286399312345,5140.107421875,16.83058028555599,36.243150046870696,-1.0574235485453771,0.3002167027837973,1075.2587776006474,16.498639751577205,8.973472205667926,21.15,10.348067382640195,0.0756165752893981,0.1919116596104555,0.3937466066541046,0.3387249133584723,0.50109386,0.0030567815940499,0.1000111902450083,-0.218812758552597,2
PB,B086,EH,33.5575,-116.531,1392.0,500.0,manual,0.54,17.600000381469727,1722.0,manual,0.54,ci14314152,2007-08-18 15:39:24.610000,,32.664,-116.1106667,0.26,147.0,0.37,9.37,0.63,1.74,ml,CI,,0.9584,106.58,158.6,3199.0,2007-08-18 15:39:37.210000,earthquake_local,B086.PB_20070818153936_EV,24.200000762939453,23.600000381469727,21.700000762939453,23.166667302449543,12.623800068060453,104.92871856689452,8.311975633420817,8.907419308467553,0.2901392608005538,0.2513752292048675,15.334003704365958,10.259091861257268,6.900505593021758,3.65,9.81848510304354,0.2653628492577892,0.3394482996368901,0.2919653430394109,0.1032117991259752,12.168227740321194,103.76525115966795,8.527556631425192,8.643020578256072,-0.5436912529296435,0.2492082013668944,11.01187388919675,10.750598299176144,7.12245643985024,3.8333333333333335,9.76959122818011,0.227796099297324,0.3556339792770062,0.3068174880956103,0.1097252533629727,10.92698523537749,74.78927612304688,6.844456591824356,7.132446250766078,-0.2320482451962153,0.2585430905150858,15.205774520126774,10.622188796085265,7.725109789627111,3.6666666666666665,9.86632020047969,0.3189735623975931,0.2437648652138679,0.3067691670354548,0.1304331353593016,0.62320375,0.0454128556617036,0.1255409932896667,0.0388552322934359,2
PB,B086,EH,33.5575,-116.531,1392.0,901.0,autopicker,0.93,6.630000114440918,1339.0,autopicker,0.9,ci10272213,2007-08-25 05:02:50.810000,,33.2933333,-116.769,0.22,44.0,0.27,12.41,0.86,1.81,ml,CI,,0.3302,36.72,216.9,1863.0,2007-08-25 05:02:48.430000,earthquake_local,B086.PB_20070825050247_EV,43.400001525878906,44.70000076293945,44.0,44.03333409627279,145.02162202669396,3821.18994140625,26.349104967967385,237.24428094913657,-0.8478733527561607,0.3218869811635272,1423.92167436566,14.695292888966478,6.18989618641929,13.866666666666667,9.99962132459779,0.0376018645397855,0.135972284811356,0.661892241832128,0.1645334729681528,191.31994645718564,4537.81982421875,23.71848784326438,239.4633425892947,1.900355161743948,0.3208868144690782,2426.5131847117364,10.013650394944593,5.664975989008743,7.433333333333334,9.616592342381058,0.1191793246142308,0.5819070989980331,0.2367398649053373,0.0621736256280168,123.79314607968932,2580.5205078125,20.84542310728045,168.24445500312325,0.0829838402084852,0.3370561760293382,1634.3141573809758,14.111256303916187,6.222639019486121,13.166666666666666,9.890380389511524,0.049801936287308,0.1329256061002813,0.6612756889174086,0.1559965002650763,0.51565,-0.0078566669938927,-0.5526498195865182,-0.1178786763304148,2
PB,B086,EH,33.5575,-116.531,1392.0,500.0,manual,0.53,18.040000915527344,1717.0,manual,0.53,ci10275393,2007-08-31 23:26:53.580000,,32.6778333,-116.038,0.28,144.0,0.35,7.59,0.99,1.57,ml,CI,,0.9699,107.87,155.0,2799.0,2007-08-31 23:27:06.620000,earthquake_local,B086.PB_20070831232705_EV,20.100000381469727,16.799999237060547,16.200000762939453,17.700000127156574,7.390148592879905,56.21171569824219,7.606303850561245,9.810253416225724,0.2157077775461028,0.2942157026171028,10.567677044550262,10.787695574009858,7.605960817543349,3.85,9.78674078828337,0.2619011590992833,0.3038813587914573,0.3213042649254994,0.1128676782832156,7.350093519340517,72.59274291992188,9.87643799754472,10.79157526470994,-0.1940764765696674,0.3012168694782464,8.02617577357079,12.008769967053896,7.537359316902563,6.45,9.985848710067414,0.1293049532612158,0.3623190190421707,0.3754978291888902,0.1328165480694947,6.087667316349223,47.332069396972656,7.775074907568655,5.738414801961344,-0.0207859520658778,0.3075512585430905,6.4336779467233445,12.074094430779112,8.733397156348321,2.833333333333333,10.138584325838163,0.2560084941368473,0.2532758398473128,0.3104637334087277,0.1801505072374714,0.58406305,0.1142823191877895,0.03362509569455,0.0660301452231915,2
PB,B086,EH,33.5575,-116.531,1392.0,801.0,autopicker,0.94,3.0199999809265137,1013.0,autopicker,0.88,ci10275961,2007-09-03 10:26:45.450000,,33.4463333,-116.6408333,0.23,25.0,0.23,7.33,0.53,2.14,ml,CI,,0.1439,16.01,219.5,1490.0,2007-09-03 10:26:40.460000,earthquake_local,B086.PB_20070903102639_EV,57.29999923706055,58.5,57.0,57.59999974568685,553.4372565646372,13857.265625,25.03854856287865,209.38097879323527,1.4019991229370272,0.3192198699783297,2906.1254618595394,16.773613978007074,10.084335157243936,7.3,10.548603967452738,0.0721208571484146,0.3015259650531472,0.2380764093478015,0.3882767410499632,870.5884189347531,34656.31640625,39.80792261015287,620.8210319085437,-12.3834555796775,0.305884314052342,6087.1462279000825,12.080633874629276,7.185682622588735,9.466666666666669,10.055841169283749,0.0904366400160106,0.4423759222608923,0.3219860873296975,0.1452013401196951,428.1426952136452,7724.5283203125,18.041948179118,90.3756066548516,1.1793502028753102,0.3288881480246707,2809.1718370694903,17.04211721387145,9.708089177025707,20.3,10.45712559234842,0.0759289463521917,0.2533824172754614,0.2497936897032999,0.4208949245447868,0.41502428,-0.4144891732814634,-0.1806164142616431,0.2077818433028206,2
PB,B086,EH,33.5575,-116.531,1392.0,900.0,manual,0.64,11.239999771118164,1709.0,manual,0.64,ci10276125,2007-09-04 03:52:20.200000,,33.0931667,-116.048,0.24,59.0,0.3,5.58,,1.73,ml,CI,,0.6148,68.37,139.1,2428.0,2007-09-04 03:52:22.440000,earthquake_local,B086.PB_20070904035221_EV,33.5,34.70000076293945,30.200000762939453,32.800000508626304,31.90647074767829,353.7712097167969,11.087757480746737,21.794255183043003,-0.1307973994304097,0.3288881480246707,134.2470756836211,15.622359156664412,8.704109355600067,18.216666666666665,10.20357137854231,0.1613003845151613,0.1120579228154441,0.4275419248808374,0.2990978250367153,35.905995606069446,417.9876098632813,11.641164736081732,33.66572539486482,0.3980427392096784,0.3202200366727788,165.3852905048503,16.004560545867786,8.3669855059364,11.2,10.247020451530387,0.0628663765571113,0.2294118602929215,0.3466843766405997,0.361034088009141,26.89562931998008,333.7548522949219,12.40925982151992,24.302806959646023,0.5792660511017059,0.3212202033672279,109.25296559637664,15.090194862880107,9.148703928395898,2.966666666666667,10.37233210720899,0.1196009443287722,0.2250695502716218,0.3491812593952402,0.306139205971601,0.5599292,0.2449467546745057,-0.0785461730221391,0.1545624436213617,2
PB,B086,EH,33.5575,-116.531,1392.0,801.0,autopicker,0.93,5.320000171661377,1217.0,autopicker,0.72,ci10276153,2007-09-04 09:47:00.290000,,33.36,-116.282,0.29,26.0,0.26,4.71,,2.3,ml,CI,,0.2866,31.87,133.6,1843.0,2007-09-04 09:46:57.600000,earthquake_local,B086.PB_20070904094656_EV,58.09999847412109,59.29999923706055,55.400001525878906,57.59999974568685,524.2065638623241,7621.58837890625,14.539284519352108,47.68999920896748,-0.2252062415965443,0.3483913985664277,1913.758948344668,19.77941740285044,9.003007776936789,13.45,10.502041703381384,0.04798573158021,0.0566782059471954,0.4510057816667409,0.4443302742304922,506.3314100855093,7908.78955078125,15.619788528319058,48.57593942529426,-0.1058022240798418,0.3417236206034339,1752.099763936138,20.90965558824897,9.001391230695415,23.916666666666668,10.418779133259472,0.0454844167399953,0.0838575310976553,0.3065506488907392,0.5641073929217302,389.9358248133653,5658.935546875,14.512479199836363,42.78870320374657,-0.6446228667466019,0.363227204534089,1530.821943117404,22.333546339920687,9.008090832241386,23.633333333333333,10.435608875162997,0.0349337635118856,0.055388401615256,0.2845493225672929,0.6251284772596585,0.53503084,0.2709287901375349,0.0042687246027951,0.0204118853694078,2
PB,B086,EH,33.5575,-116.531,1392.0,801.0,autopicker,0.94,4.420000076293945,1116.0,autopicker,0.89,ci10276165,2007-09-04 12:48:30.840000,,33.652,-116.7545,0.26,20.0,0.21,12.83,0.32,2.46,ml,CI,,0.209,23.24,296.9,1555.0,2007-09-04 12:48:27.250000,earthquake_local,B086.PB_20070904124826_EV,64.9000015258789,63.79999923706055,60.70000076293945,63.13333384195963,1676.5960884445633,58640.703125,34.976046722978474,406.7418216173676,3.617126502220874,0.300550091681947,8359.328157220636,17.041497177497813,6.804393125359346,12.0,10.275188502150703,0.0258216895489373,0.0967164046415511,0.5262430583479023,0.3512188446671864,1539.5359179529155,45353.55078125,29.45923524899344,303.76560386463024,-4.058486228776189,0.2955492582097016,6895.305801639319,15.030429067821377,7.308927153506165,10.65,10.21138903130151,0.0440155525775212,0.2415096898024704,0.4543653063920794,0.2601094493344249,1175.901758578064,31770.720703125,27.018176026493165,196.267427899936,0.6403962812415235,0.310218369728288,6435.834021098664,17.51728384819294,7.851321682048856,20.1,10.37462361975736,0.0218372518402871,0.1710017082943023,0.446582940803258,0.3605780939372805,0.5166045,0.1183223416934074,0.4355945955958849,-0.2080241789320612,2
PB,B086,EH,33.5575,-116.531,1392.0,499.0,autopicker,0.88,6.059999942779541,917.0,autopicker,0.73,ci10278153,2007-09-10 08:42:55.480000,,33.454,-116.8846667,0.27,44.0,0.21,10.77,0.71,2.06,ml,CI,,0.313,34.81,250.6,1753.0,2007-09-10 08:42:56.550000,earthquake_local,B086.PB_20070910084255_EV,50.09999847412109,49.0,47.09999847412109,48.73333231608073,147.1779151117004,2433.666748046875,16.535543027633246,56.40505281521519,0.2940650610652068,0.291881980330055,957.7784753794376,12.960360813794626,7.645286816432434,11.633333333333333,10.10659035810856,0.1558546782023882,0.2502322081408938,0.4348197322785717,0.1590932565565639,138.4944900933678,2514.878173828125,18.15868755596478,56.84570626758562,-0.6900038348348186,0.2768794799133189,751.701059262455,12.933802598953603,7.803312533820169,9.583333333333334,10.121887215952064,0.1262433723897681,0.3277717862319491,0.3686878851919293,0.1772968295492091,119.24859763231848,1509.9808349609375,12.66246199067842,32.945492269947856,0.379136857017349,0.3053842307051175,989.19781833124,14.667367325518413,8.091137517310333,11.0,10.125038241932138,0.0816654062752068,0.2262207425516768,0.4600623112110576,0.2320512767238368,0.5900644,0.1827037033152834,0.0403425482353635,-0.2400100382601269,2
PB,B086,EH,33.5575,-116.531,1392.0,600.0,manual,0.65,8.539999961853027,1192.0,manual,0.58,ci10279953,2007-09-13 13:11:07.590000,,33.114,-116.6081667,0.2,42.0,0.3,14.96,0.41,2.03,ml,CI,,0.447,49.71,188.2,1966.0,2007-09-13 13:11:10.130000,earthquake_local,B086.PB_20070913131109_EV,39.5,39.09999847412109,35.099998474121094,37.8999989827474,83.17150570673205,1374.4290771484375,16.525239809830552,59.564784999858254,-0.1810700112975346,0.272378729788298,503.359227038204,10.523249080405384,6.829318400724802,8.3,9.80224310446216,0.2204936387672087,0.3793534521488639,0.2904821758714824,0.1096702723998166,83.01988045607983,1697.2908935546875,20.44439096070017,81.79781084886268,1.965101071934384,0.2485414235705951,344.5105087824506,10.965147696263063,6.755210561191823,6.816666666666666,9.738651793582752,0.1166985527618743,0.500750954855827,0.2719440504136693,0.1106059912721432,66.43711649411661,1267.666748046875,19.080700893440103,62.60309967192684,-1.7056631665108646,0.2563760626771128,339.97165854220395,12.0957145589587,7.422377320858487,9.65,10.117722209691006,0.176516768813882,0.2903537927210922,0.3822864259844085,0.1508405505075904,0.56534964,0.1899894570356942,-0.2335399981938313,0.0121634725087564,2
PB,B086,EH,33.5575,-116.531,1392.0,900.0,manual,0.54,17.440000534057617,2113.0,manual,0.54,ci10280509,2007-09-14 18:40:16.770000,,32.6853333,-116.1003333,0.27,83.0,0.32,9.76,0.65,1.85,ml,CI,,0.9419,104.75,157.6,2913.0,2007-09-14 18:40:25.210000,earthquake_local,B086.PB_20070914184024_EV,25.299999237060547,26.299999237060547,22.89999961853028,24.833332697550457,18.35432209536284,194.5870513916016,10.601701897819662,24.31546846206547,-0.5919514642047748,0.2693782297049508,5.020678648892056,11.158333077558076,6.817779517041922,4.133333333333333,9.82954007604573,0.2385332136018883,0.2497179252545911,0.3998979823695702,0.1118408766760791,18.960143640126947,206.81478881835932,10.907870359202334,22.79488049511468,0.2475394406820595,0.2727121186864477,3.023127605232793,12.50223609461355,6.329621527654603,7.316666666666666,9.965228062307052,0.0942325810509289,0.3200065424242082,0.4573708069827641,0.1283757512262132,14.901971696559103,148.5541229248047,9.968756212247143,16.70462682281511,-0.1590748176106146,0.2907151191865311,6.718581341597764,11.680052803588854,7.279977408550343,11.65,9.954498800416005,0.1979305850761357,0.2472740233266748,0.4217016289400812,0.1330443944197343,0.5647085,0.2380665956869796,0.0172417200544094,0.103550354978591,2
PB,B086,EH,33.5575,-116.531,1392.0,701.0,autopicker,0.92,6.75,1157.0,autopicker,0.82,ci10281117,2007-09-18 20:02:15.050000,,33.3123333,-116.8351667,0.23,40.0,0.26,7.79,1.01,2.42,ml,CI,,0.3528,39.24,225.9,1668.0,2007-09-18 20:02:14.790000,earthquake_local,B086.PB_20070918200213_EV,56.0,57.5,55.0,56.16666666666666,571.4631089376852,10623.388671875,18.58980659595547,114.04032080757908,-0.122653576927952,0.2812135355892649,1102.496458926355,11.61180973102593,6.659138947931556,6.966666666666667,9.68551702660378,0.1215860508789068,0.3899479889818448,0.4037510381758449,0.0847149025014727,864.9046816116646,22365.998046875,25.859494719346607,296.1327001454722,0.625289047618825,0.2625437572928821,2129.0659923997314,8.639650416514042,4.693969299201316,7.033333333333333,9.28670235409374,0.0731666449107302,0.7520988833888798,0.1369861196102273,0.037748337136516,450.49544494895406,9630.640625,21.377886797703923,99.2710329300516,-2.123986644119898,0.277879646607768,1218.5720747628068,11.87473120506204,7.002415522357074,6.9,9.752142345240673,0.0521426148367034,0.4694177152918024,0.3601899119543071,0.1182496830776503,0.43457112,0.0727865152308283,-0.3955453005345794,-0.3814990622577752,2
PB,B086,EH,33.5575,-116.531,1392.0,900.0,autopicker,0.93,4.829999923706055,1249.0,autopicker,0.88,ci10283169,2007-09-29 22:37:00.900000,,33.6896667,-116.7351667,0.24,30.0,0.22,16.81,0.44,1.95,ml,CI,,0.2154,23.95,307.8,1707.0,2007-09-29 22:36:56.730000,earthquake_local,B086.PB_20070929223655_EV,48.59999847412109,46.400001525878906,47.79999923706055,47.59999974568685,301.0608348882089,7583.81591796875,25.19031052572748,211.9195228692176,-1.1752036937869506,0.3187197866311052,4174.151033246761,14.26195745591096,7.992261203012077,7.333333333333333,10.245313126604165,0.1039014164024013,0.2984423725003029,0.3469830021421692,0.2506731688831938,242.31995038723448,5115.888671875,21.112123305157738,163.17512146199672,3.400252262113089,0.316719453242207,2478.96800734398,15.0796132127849,9.29975003117584,11.483333333333333,10.348249389992253,0.13170052011963,0.2367535180158705,0.2818368860672933,0.3497090022385907,250.76742645058167,4127.611328125,16.459918206076978,79.85820869832786,0.2620602845876194,0.3233872312052008,4364.53713954142,16.2181062528321,8.125761681858965,20.95,10.177992608049165,0.0416036510782533,0.2590261248958589,0.328417685453513,0.3709522905893203,0.64887184,-0.0208465828411991,0.1582321448540623,0.04158403888622,2
PB,B086,EH,33.5575,-116.531,1392.0,599.0,autopicker,0.93,4.739999771118164,948.0,autopicker,0.78,ci10283201,2007-09-30 01:03:34.570000,,33.6856667,-116.7571667,0.3,21.0,0.19,14.12,0.26,2.11,ml,CI,,0.2279,25.35,304.2,1512.0,2007-09-30 01:03:33.320000,earthquake_local,B086.PB_20070930010332_EV,50.59999847412109,50.20000076293945,48.29999923706055,49.699999491373696,227.5836228768349,3971.176025390625,17.449304898093523,58.51196781101957,0.6392342471843011,0.3025504250708451,1640.148154923225,19.884236010275515,11.227534379494656,4.416666666666667,10.496150182067671,0.1388356107516443,0.1384403280377499,0.2024707662112774,0.5202532370857254,218.7738497948326,4398.40771484375,20.10481471605771,88.3150954832324,1.7929661766018608,0.2955492582097016,1263.1634407797274,19.926966042534445,10.324322177990917,28.866666666666667,10.374682982689446,0.0783135923385199,0.186407949214389,0.1632117720533985,0.5720666331098726,229.9505721947494,3554.5751953125,15.457996739847484,69.96941521540575,0.8931572430265938,0.3173862310385064,2442.8074773282297,22.65833682864077,10.902836361443372,27.4,10.472333583432954,0.0871677438596249,0.1133895432243253,0.1346388780763721,0.6648037593125075,0.72842044,0.0637378665625786,0.0260210769667398,0.0733208578163652,2
PB,B086,EH,33.5575,-116.531,1392.0,499.0,autopicker,0.92,2.9200000762939453,696.0,autopicker,0.88,ci10283301,2007-09-30 22:27:36.210000,,33.4465,-116.5893333,0.26,34.0,0.21,10.53,0.43,1.91,ml,CI,,0.121,13.45,203.6,1231.0,2007-09-30 22:27:34.140000,earthquake_local,B086.PB_20070930222733_EV,55.5,54.20000076293945,50.20000076293945,53.300000508626304,355.0754278075377,8648.13671875,24.355773566616858,230.12839757125448,0.6853175154552007,0.3073845640940156,4057.742977364887,15.255513929309188,8.251995569346063,8.066666666666666,10.339660605588536,0.0774147698518848,0.2768883381386356,0.2854014363569333,0.3602954219950187,302.1206016773486,8494.626953125,28.116675612201,234.58474418398464,-3.248091682209957,0.3168861476912818,3004.052544070702,13.961944994317903,8.404213822160898,7.166666666666667,10.27837546539389,0.1071612180518076,0.3242044261252518,0.3361431973721474,0.2324911017768501,252.9228852450016,5694.81005859375,22.5159935728129,119.0138420504007,1.7732058803388655,0.3138856476079346,3171.4752194279363,16.139617713598128,8.319766415007416,18.416666666666668,10.416930986713847,0.0689264391401168,0.2180228897768915,0.3836373138804681,0.3294132422080451,0.54250395,0.3866323681636062,-0.3825058644736518,-0.0774201515828514,2
PB,B086,EH,33.5575,-116.531,1392.0,400.0,autopicker,0.93,2.809999942779541,596.0,autopicker,0.9,ci10283317,2007-10-01 00:39:13.030000,,33.4501667,-116.5875,0.2,47.0,0.28,9.82,0.65,1.72,ml,CI,,0.117,13.01,203.7,1125.0,2007-10-01 00:39:11.840000,earthquake_local,B086.PB_20071001003910_EV,55.0,53.59999847412109,53.400001525878906,54.0,288.5305323096157,6419.841796875,22.250129805971486,164.907794891574,0.1064859506231608,0.3468911485247541,8701.885288534135,20.87672518240654,9.867856178471142,20.766666666666666,10.662226669521708,0.0338506597342758,0.1546622860192002,0.2299469715191073,0.5815400455410669,256.5860446852233,6608.93505859375,25.75718826291396,211.21510745293048,-3.056782432005948,0.3510585097516253,7859.319172373237,22.06239793867772,11.052639390059358,22.98333333333333,10.72528794864134,0.0576102210117021,0.1502959337424601,0.1990132851937354,0.5930804847059027,228.04397101047047,6104.791015625,26.770236409120866,200.19159660981933,0.9008735399717588,0.3602267044507418,7720.94104942875,21.322316529570955,8.709009963901151,24.933333333333334,10.530620794171092,0.0274501474455669,0.0970926621188333,0.2724595632005901,0.6029975119563024,0.59060866,0.0989276275349647,-0.3867624710220861,0.1029231843103473,2
PB,B087,EH,33.4955,-116.602667,1139.0,700.0,manual,0.6,10.399999618530272,1436.0,manual,0.6,ci14297248,2007-06-10 11:51:13.450000,,33.2425,-116.0395,0.39,40.0,0.4,3.54,1.13,1.67,ml,CI,,0.5346,59.45,118.4,2150.0,2007-06-10 11:51:16.850000,earthquake_local,B087.PB_20070610115115_EV,31.5,31.89999961853028,27.799999237060547,30.39999961853028,21.68775525977441,197.14529418945312,9.09016594055312,17.21836301118631,0.0719928806219126,0.2733788964827471,117.71372355055614,10.682605389043232,6.040389830714152,7.366666666666666,9.781664483128893,0.1540404913498265,0.3626004246665226,0.4082757022921869,0.075059809367519,21.608579917104755,241.40953063964844,11.171929463469986,22.76267427042852,0.253412215701469,0.2618769794965828,118.52776287094878,9.62255673433032,5.717784112890892,8.7,9.639807637855684,0.1806209903204428,0.4424427792615769,0.3207090318672569,0.0561881610314473,21.58076035972104,162.19566345214844,7.515752955344203,10.303122653512183,-0.0538269320086555,0.2650441740290048,109.51136165115348,11.549171279192755,7.501771300503425,4.65,9.89753318020539,0.2738386590892127,0.2041379712533951,0.3828477621888356,0.1391519591375205,0.70490384,0.2162872381782356,0.0206356315982351,0.0195683515473068,2
PB,B087,EH,33.4955,-116.602667,1139.0,700.0,manual,0.64,12.90999984741211,1594.0,manual,0.59,ci10255481,2007-06-17 20:31:08.710000,,32.7946667,-116.6596667,0.25,81.0,0.28,15.96,1.1,2.03,ml,CI,,0.7006,77.91,183.9,2259.0,2007-06-17 20:31:14.620000,earthquake_local,B087.PB_20070617203113_EV,34.20000076293945,32.79999923706055,33.599998474121094,33.53333282470703,42.02262366145544,502.77337646484375,11.964349977652736,26.757937887616155,-0.2626535949892585,0.2443740623437239,140.776774457502,11.396822078624568,7.046549553380298,13.133333333333333,9.965059177526673,0.2002370385766056,0.2762881380025908,0.397188431141427,0.126277022264504,48.714079205720026,1206.001708984375,24.75673827049913,174.4198045679635,4.267393672228315,0.2473745624270711,196.629144909337,8.66984750034337,5.11431632449791,6.8,9.47550483100134,0.1814281517497106,0.5388023810682789,0.2430787517051684,0.0366804476869424,42.027996459609085,523.1951904296875,12.448730239437015,22.300017010299843,0.303333604425214,0.2575429238206367,147.2130995859137,12.26894522205499,7.4233162893015825,5.3,9.972751226132797,0.2265162879172332,0.1858163704963978,0.4476509739441135,0.1400087083309978,0.6532703,0.3017698068156281,0.0079972845525433,-0.0997087591166833,2
PB,B087,EH,33.4955,-116.602667,1139.0,700.0,manual,0.52,17.799999237060547,2020.0,manual,0.52,ci10259305,2007-07-03 23:46:55.850000,,32.816,-117.4581667,0.23,274.0,0.77,17.06,1.26,1.91,ml,CI,,0.987,109.77,226.3,2831.0,2007-07-03 23:47:06.650000,earthquake_local,B087.PB_20070703234705_EV,28.299999237060547,24.600000381469727,25.200000762939453,26.03333346048991,16.5919897734978,174.1806640625,10.497876773087023,25.697702788845188,1.022015370571572,0.2403733955659276,6.783198656294468,7.670027234722446,4.99642542337062,4.183333333333334,9.328865293517138,0.3795100572200836,0.385672911824797,0.2113322408561305,0.0233804066174126,15.36158268313478,169.20388793945312,11.014743170000264,21.667026800675814,-1.2464147963507712,0.2447074512418736,8.56253149849508,7.509152408639542,4.79901659470923,6.05,9.235886405039034,0.2536524588916766,0.5398305473367642,0.1850699275696543,0.0212641846551272,15.447377124041507,160.1478271484375,10.367315166999555,21.28132048680641,-0.0990848346686416,0.2460410068344724,9.017734907816138,8.193734935842732,5.682293423734435,5.4,9.404670169803609,0.3651695127875025,0.3394529515441375,0.2612569120326119,0.0340401866288123,0.6831697,0.2222698385384627,-0.1467636522104125,-0.1096765540804513,2
PB,B087,EH,33.4955,-116.602667,1139.0,400.0,manual,0.67,9.399999618530272,1060.0,manual,0.62,ci10259993,2007-07-06 18:29:00.310000,,33.0088333,-116.469,0.21,80.0,0.32,9.66,1.26,1.86,ml,CI,,0.4981,55.39,167.1,1898.0,2007-07-06 18:29:05.710000,earthquake_local,B087.PB_20070706182904_EV,28.100000381469727,28.5,28.5,28.36666679382324,45.75513374253804,683.9385375976562,14.947798895008065,34.14004379885899,0.2511061445184393,0.2948824804134022,306.7521385359717,14.559478829097865,8.107976080554739,9.716666666666669,10.166651988280623,0.0771635744572299,0.276566814342739,0.4070463340665475,0.2392143926185616,35.18577815312071,318.7232971191406,9.058298944878452,12.641091610050632,0.1842887072330568,0.2633772295382564,149.77954587353793,12.114343950053016,7.3643359724390915,6.7,9.96325365926272,0.1102206562088969,0.3875959550544554,0.3505603503041727,0.1515992613986514,50.95765790087542,753.7824096679688,14.792328390253966,28.11669235709928,-0.6990719402602498,0.2835472578763127,322.7914922595455,15.509750378135044,7.7659333114979185,16.016666666666666,10.080692371990672,0.1439546144343041,0.0928967665581682,0.5344971003597229,0.2286467547567363,0.88284594,0.253912731749061,0.2066822664302857,0.138939276542269,2
PB,B087,EH,33.4955,-116.602667,1139.0,897.0,autopicker,0.91,11.539999961853027,1684.0,autopicker,0.72,ci10260661,2007-07-10 11:59:03.210000,,32.9521667,-116.256,0.26,58.0,0.28,11.16,0.81,1.68,ml,CI,,0.6149,68.38,152.0,2474.0,2007-07-10 11:59:05.780000,earthquake_local,B087.PB_20070710115904_EV,27.0,28.100000381469727,25.600000381469727,26.900000254313152,18.060974742974725,179.6561737060547,9.94720253268371,14.535715727547412,-0.2385171843832849,0.2880480080013335,59.913730143277824,11.074594677972703,6.883297275490697,14.066666666666666,9.853610008690282,0.2089501293763097,0.298837156005138,0.3885112091596598,0.1036806168185233,16.895506426591112,170.56207275390625,10.095114549834738,20.66043543506851,-0.4103618714665243,0.2762127021170195,44.56273661323819,10.067653540066468,6.124788126573865,5.966666666666667,9.788545068156386,0.1755379348493582,0.4218437545987913,0.3325144573547753,0.0700741944634431,19.53576126477114,199.5608367919922,10.21515538029534,14.488573617395147,-0.1859295227833537,0.2870478413068845,85.40324288177618,11.309561666228966,7.324797066873682,4.683333333333334,9.6784251618501,0.3264709728024734,0.1341898683442821,0.432642913860137,0.106672596483245,0.7899077,0.252133060885897,0.0267011590834783,0.0454127594248541,2
PB,B087,EH,33.4955,-116.602667,1139.0,800.0,autopicker,0.91,4.559999942779541,1117.0,autopicker,0.75,ci10263337,2007-07-18 14:25:45.940000,,33.4106667,-116.8756667,0.24,37.0,0.26,4.48,1.76,2.24,ml,CI,,0.2434,27.07,249.5,1974.0,2007-07-18 14:25:42.500000,earthquake_local,B087.PB_20070718142541_EV,48.70000076293945,49.5,49.09999847412109,49.09999974568685,236.76346045689084,3442.06640625,14.537996697664928,43.6845715474696,-0.5411395238030325,0.1753625604267377,924.3898696913112,5.757651771576345,4.908916733701268,1.6833333333333331,9.029893972464745,0.4856129780735587,0.4183864288860981,0.0643670901289788,0.0316227165861099,227.7900620930584,3002.51416015625,13.181058614091963,44.7870336710038,-0.3984782809658494,0.1678613102183697,733.9211690300957,5.673342103462717,4.774603120133141,1.9833333333333327,8.762602449938205,0.4696591974070249,0.4178247127057596,0.0818491040576827,0.0306633150778836,205.90827936929168,2145.59326171875,10.420140794196424,24.18793875970044,0.9705875578387544,0.1686947824637439,832.0554970774554,6.1303234723490565,5.921771747172633,2.25,8.85196910819788,0.6300453355830133,0.2092645772967317,0.1067633300031809,0.0539255003693628,0.62671787,-0.3743472474433572,-0.1053808294765098,0.1744930545714301,2
PB,B087,EH,33.4955,-116.602667,1139.0,599.0,autopicker,0.94,4.25,908.0,autopicker,0.82,ci10267417,2007-08-01 03:20:30.540000,,33.3326667,-116.4305,0.22,29.0,0.26,4.33,1.61,1.99,ml,CI,,0.217,24.14,138.6,1530.0,2007-08-01 03:20:28.800000,earthquake_local,B087.PB_20070801032027_EV,53.09999847412109,51.0,47.59999847412109,50.56666564941406,183.63247317432348,3397.922119140625,18.503928310734867,78.2320547511351,2.4547820941063523,0.2555425904317386,2023.185456140517,10.376213793766496,6.816372932294748,8.95,9.872104523311284,0.166533067206304,0.433807848162496,0.2973404300261495,0.1023180213608413,176.96810717196595,3588.160888671875,20.275748811536623,103.61115086536732,-1.4489760850921989,0.2408734789131522,1609.34518740718,11.438878795320829,7.380163604109134,2.65,10.050274617249718,0.2473507111173636,0.2471948849740805,0.349976636427,0.1554773421906999,165.49086509272536,3153.4638671875,19.05521410756176,66.1196644832422,-2.168367879642949,0.2752125354225704,1765.917191697726,12.331908211921258,8.08384257381815,3.466666666666667,10.09874956336282,0.1814294806940312,0.2888658566634124,0.3353699602862106,0.1943343029978082,0.64891595,0.1776333516208512,-0.1544657021550516,0.0605110519398408,2
PB,B087,EH,33.4955,-116.602667,1139.0,700.0,manual,0.62,14.890000343322754,1798.0,manual,0.62,ci14311424,2007-08-04 23:56:22.810000,,32.9311667,-117.305,0.19,222.0,0.53,5.32,,1.61,ml,CI,,0.8145,90.58,226.0,3199.0,2007-08-04 23:56:30.700000,earthquake_local,B087.PB_20070804235629_EV,17.600000381469727,15.300000190734863,15.600000381469728,16.166666984558105,6.840365010686349,45.20098114013672,6.60797794701329,6.20369468754018,-0.0961388148656467,0.2982163693948991,9.77809660685087,11.49511407338288,7.538246853745202,2.4,9.917770575575688,0.1737245489390553,0.3085396543223535,0.4073894547924821,0.1101922779280297,6.461679990009604,52.570762634277344,8.135773160471725,6.319354723553095,0.1192515486847023,0.2847141190198366,7.071753090850951,10.934906316006408,7.744261022162484,6.85,9.895250515835215,0.1982353124232375,0.3418720516519186,0.357725782650243,0.101944694873491,7.067111652156788,48.955039978027344,6.927163795846769,5.621160406501991,-0.0326154506605177,0.2973828971495249,9.484705523874393,12.397075652578511,8.090452944495615,3.35,10.100479918049476,0.2121215165218457,0.2081272550248668,0.4307480019975686,0.1488629570527998,0.75103927,0.1836071455963952,-0.094949186492724,-0.026299328378551,2
PB,B087,EH,33.4955,-116.602667,1139.0,700.0,manual,0.63,11.149999618530272,1530.0,manual,0.59,ci14311528,2007-08-05 16:04:17.040000,,33.0943333,-116.0593333,0.28,58.0,0.4,5.49,,1.47,ml,CI,,0.6059,67.38,131.6,2615.0,2007-08-05 16:04:21.190000,earthquake_local,B087.PB_20070805160420_EV,19.89999961853028,19.700000762939453,19.700000762939453,19.766667048136394,9.207405759478956,89.2555923461914,9.693891491021066,14.624302584841187,-0.4367669202828389,0.287547924654109,29.80315764595585,8.326400215324567,7.013430551594483,5.9,9.51469975121244,0.3529904072006821,0.4220415739175867,0.1401799040621613,0.0846728494002296,7.658244179464788,76.64141845703125,10.00770106841742,14.414842668078537,-0.2930517400619667,0.2880480080013335,18.738657919471937,8.505971789428981,7.191029576787494,5.85,9.616707768675951,0.3371914232648568,0.4183552685443615,0.1729868895025037,0.0712687166321857,9.161476177058798,82.09542846679688,8.960938922962173,11.636412935584636,0.1330279236630411,0.2793798966494416,24.05658961924289,8.341313487552105,7.870633164992637,4.416666666666667,9.281921206604602,0.5078760173212322,0.2495918651154343,0.1324567553534971,0.1100137172872558,0.7649851,0.0662778425350464,0.0286840094192064,0.007947881502189,2
PB,B087,EH,33.4955,-116.602667,1139.0,800.0,autopicker,0.94,4.949999809265137,1127.0,autopicker,0.81,ci14313896,2007-08-17 06:27:58.830000,,33.461,-116.8855,0.3,31.0,0.2,10.95,0.54,2.47,ml,CI,,0.2389,26.57,261.6,1746.0,2007-08-17 06:27:55.780000,earthquake_local,B087.PB_20070817062754_EV,52.900001525878906,54.70000076293945,50.20000076293945,52.6000010172526,331.5380482600023,5878.169921875,17.730000983975025,72.34187061989486,0.4801859364910582,0.2617102850475079,944.5516068828256,13.266570219480569,6.550204001835604,13.666666666666666,9.898762818978009,0.0702778831328497,0.241985876685908,0.5535872653206944,0.1341482302588603,348.37799181119243,6207.0126953125,17.81689096674185,56.09073790714824,-1.559147139588661,0.2242040340056676,1044.511504209686,11.42174624271711,6.1435167904397,8.016666666666666,9.771602032825614,0.067340356322561,0.455208971814328,0.3749240430828812,0.1025263388028545,331.5462130609277,5865.578125,17.69158534747641,51.88275436860516,-0.8120447943081692,0.2505417569594932,1044.228687353812,14.106461304210846,8.00998566844185,15.05,10.156671261743996,0.1763148568127663,0.1561646570523002,0.4841808491396416,0.1833384540927307,0.68939894,0.0254065250359097,0.009865628689311,0.1918294425629404,2
PB,B087,EH,33.4955,-116.602667,1139.0,799.0,autopicker,0.93,5.130000114440918,1138.0,autopicker,0.82,ci10272213,2007-08-25 05:02:50.810000,,33.2933333,-116.769,0.22,44.0,0.27,12.41,0.86,1.81,ml,CI,,0.245,27.24,214.4,1690.0,2007-08-25 05:02:47.950000,earthquake_local,B087.PB_20070825050246_EV,45.59999847412109,43.59999847412109,47.29999923706055,45.49999872843424,115.9312184992347,2578.679443359375,22.24318416334421,147.6166012294633,-3.223841521566824,0.2920486747791299,1934.2659979081927,11.555792114337534,6.455888288843423,12.55,9.972146146390951,0.1659942498405246,0.2602774174716546,0.4742506183275469,0.0994768943203504,115.8302418127241,2630.24072265625,22.707720207550448,172.62985422712669,-2.474518978304868,0.2743790631771962,2055.914615181948,11.626205546119428,6.445064394699783,6.233333333333333,10.00163753809466,0.1428510127061457,0.342958568045633,0.4293296085497993,0.0848598710302833,129.3107952388492,2442.53515625,18.888872748314693,111.63307460423206,-1.850310385018601,0.2932155359226537,2285.1011376039723,10.803497903825717,6.0551545472724735,5.116666666666666,9.826420748083835,0.1009503899089715,0.3869810911256948,0.4429247066572288,0.0691433154311866,0.7890574,0.1334661104553751,-0.3099037702289294,-0.2569139558250257,2
PB,B087,EH,33.4955,-116.602667,1139.0,400.0,manual,0.56,17.610000610351562,1591.0,manual,0.54,ci10275393,2007-08-31 23:26:53.580000,,32.6778333,-116.038,0.28,144.0,0.35,7.59,0.99,1.57,ml,CI,,0.9432,104.89,150.1,2473.0,2007-08-31 23:27:07.190000,earthquake_local,B087.PB_20070831232706_EV,16.899999618530273,21.100000381469727,18.89999961853028,18.96666653951009,6.543074569469561,61.51277542114258,9.401203481336657,9.455149363675991,-0.5225451672327397,0.2818803133855642,12.820067872103872,9.758631713156555,7.559742812730403,8.716666666666667,9.76704986511488,0.308039559087451,0.3198361041903118,0.2841543393874917,0.0877478684822273,7.25531878263476,76.18538665771484,10.500625670654296,19.78695505003644,0.5132346634845325,0.2847141190198366,15.210483870930467,8.718018603454746,6.710892411710485,6.666666666666667,9.446153751487104,0.2266172722209265,0.5112613604112248,0.2030877832486041,0.0587162631341307,7.140714250628428,51.80524444580078,7.254910731267756,6.924687344752895,-0.0480305107488384,0.2760460076679447,13.388755509557592,9.44259745938527,7.846498654044689,3.683333333333333,9.76779531908615,0.4234995042370751,0.2101790019662804,0.2786489641949551,0.087467403280775,0.7308872,0.1363168080590057,-0.0742224247478089,0.0302128411935321,2
PB,B087,EH,33.4955,-116.602667,1139.0,401.0,autopicker,0.94,1.820000052452088,528.0,autopicker,0.9,ci10275961,2007-09-03 10:26:45.450000,,33.4463333,-116.6408333,0.23,25.0,0.23,7.33,0.53,2.14,ml,CI,,0.0585,6.51,212.9,978.0,2007-09-03 10:26:43.260000,earthquake_local,B087.PB_20070903102642_EV,62.79999923706055,64.5999984741211,63.0,63.46666590372721,657.9432358048019,17951.19921875,27.28381149293516,249.96254167175903,5.262335878251415,0.2650441740290048,15208.875448016574,15.533472386623654,7.56384445335449,12.766666666666666,10.3683721790837,0.0397300158468425,0.2100539468724371,0.4908461754698119,0.2593697719413277,658.881941945563,15366.2236328125,23.32166455714165,236.0049768398493,-0.0979120687330184,0.2463743957326221,14340.674681372511,12.766367835642356,6.776573913923637,7.583333333333333,10.04082675981325,0.0588137519091552,0.3027394171110669,0.51262688231223,0.1258198270751266,575.3560977415561,10879.7568359375,18.90960550977696,104.28610780328935,0.9325735528869412,0.2708784797466244,12765.430058341855,17.19443366621034,8.679553611760458,18.75,10.454890788558178,0.0799907878566895,0.1685855594962796,0.4319872416178679,0.3194363277145773,0.6179075,-0.0025665044974713,-0.0214002728251831,-0.1499957125879752,2
PB,B087,EH,33.4955,-116.602667,1139.0,400.0,manual,0.6,11.710000038146973,1201.0,manual,0.64,ci10276125,2007-09-04 03:52:20.200000,,33.0931667,-116.048,0.24,59.0,0.3,5.58,,1.73,ml,CI,,0.6139,68.27,131.1,1961.0,2007-09-04 03:52:27.910000,earthquake_local,B087.PB_20070904035226_EV,30.5,29.799999237060547,26.700000762939453,29.0,20.347132417310387,211.4584808349609,10.392544585548672,21.77212378613995,0.4365736912369214,0.2880480080013335,143.33519354715034,10.9920976366291,6.704634116580164,12.866666666666667,9.7751392584727,0.1853521770489903,0.3478780857946985,0.3616715934445835,0.1050723747580109,17.931771981437546,190.1502227783203,10.604095511316917,20.68243409424986,0.1010114143488828,0.2822137022837139,104.50236101588943,10.127651623988935,6.230837638094062,9.816666666666666,9.640239596953595,0.1843385084569104,0.4259262455093676,0.3148392957813362,0.0748248486297979,18.323457652329424,185.29244995117188,10.112308138939923,11.59879310337267,-0.0183035507241663,0.2947157859643274,102.82105170753576,13.308089989343053,7.612172369555877,3.466666666666667,10.076257132283782,0.1945419216460806,0.1469053028502309,0.494666840982266,0.1638545975496595,0.67561626,0.2579474312953402,0.1151726809333541,0.0465406021254885,2
PB,B087,EH,33.4955,-116.602667,1139.0,500.0,autopicker,0.89,5.840000152587891,959.0,autopicker,0.64,ci10276153,2007-09-04 09:47:00.290000,,33.36,-116.282,0.29,26.0,0.26,4.71,,2.3,ml,CI,,0.3003,33.39,116.9,1584.0,2007-09-04 09:47:01.130000,earthquake_local,B087.PB_20070904094700_EV,53.0,51.79999923706055,47.59999847412109,50.79999923706055,190.3821957981259,2576.286376953125,13.53218123235075,44.448221975153295,0.8516926584207742,0.2637106184364061,966.605658843506,13.618503847328672,8.412477473027295,6.0,10.265871938279236,0.1410532096569319,0.2530152824926336,0.3840088477322584,0.2219221159446749,180.9953511733156,2490.254150390625,13.758663602392936,49.42369286693156,0.3291013372780568,0.2465410901816969,833.8407987788845,12.296829334682386,8.0982934005882,15.216666666666669,10.081573920485054,0.1595909703131002,0.3028285971712114,0.3561674582829764,0.1814114877366478,165.4108863559134,1494.1895751953125,9.033199737411936,14.19555814873226,-0.329779024491848,0.278879813302217,785.9255621962049,16.876535053512313,10.56089542493762,16.083333333333332,10.388609868672576,0.1966312204460665,0.1228293974878601,0.3012995102971622,0.3792394154820732,0.629687,0.358784988942777,-0.0001330505679984,-0.0244512199968041,2
PB,B087,EH,33.4955,-116.602667,1139.0,600.0,autopicker,0.94,4.5,922.0,autopicker,0.81,ci10276165,2007-09-04 12:48:30.840000,,33.652,-116.7545,0.26,20.0,0.21,12.83,0.32,2.46,ml,CI,,0.2011,22.36,321.0,1416.0,2007-09-04 12:48:29.340000,earthquake_local,B087.PB_20070904124828_EV,65.0999984741211,63.400001525878906,60.70000076293945,63.06666692097982,950.498134329125,21535.8984375,22.65748627976039,172.71735529460088,-0.1259423970880518,0.2333722287047841,8798.456109035595,10.094329994412911,5.996332423069449,5.7,9.808885885698274,0.1710060450154388,0.4087525793146076,0.3494119311309007,0.0708294043697579,1322.4950360309506,37510.7734375,28.3636402523496,344.70757246142193,3.176636805632511,0.2268711451908651,14934.425314397316,9.919135840117152,3.7366626766830167,6.933333333333334,9.252316667320528,0.0236087045046263,0.498038041203718,0.451822650573518,0.0265305363379776,795.7864147207861,11645.5634765625,14.634031520440727,49.73762568105615,0.4375314997344611,0.2472078679779963,7384.393068140765,12.448022589580988,8.456482170008332,14.0,10.16665961684891,0.2001563816586559,0.2555904176085022,0.3780999935534117,0.1661531720896638,0.4886228,0.1336711731891566,-0.0443360880530869,-0.0707662157697455,2
PB,B087,EH,33.4955,-116.602667,1139.0,700.0,manual,0.55,17.440000534057617,2013.0,manual,0.53,ci10277853,2007-09-09 02:00:50.070000,,32.7666667,-117.3488333,0.16,257.0,0.56,10.3,0.86,1.7,ml,CI,,0.9593,106.69,220.4,3199.0,2007-09-09 02:01:00.510000,earthquake_local,B087.PB_20070909020059_EV,16.299999237060547,15.100000381469728,13.300000190734863,14.899999936421713,8.259714764707146,54.1811637878418,6.559689448278766,3.989506794064356,-0.0318339991948368,0.222703783963994,3.574361092594728,7.986638554743408,7.305280527798225,2.283333333333333,9.49731034195226,0.4325336914475151,0.3491812500131878,0.1291130221192723,0.088611554172122,8.666600323223713,54.93688583374024,6.338919966867167,4.673243311699728,-0.0440705314996363,0.2175362560426738,4.627001206665258,6.944660689015088,6.739442413824,2.283333333333333,9.083924965870722,0.4829608325759545,0.3510031289693763,0.1073767602326007,0.0582505338210665,9.270383257097022,83.31552124023438,8.98727905089053,5.172979182054252,0.0634082262051796,0.2058676446074345,4.770190843246549,8.137462576303097,7.713891673482588,1.7333333333333334,9.420821600821304,0.5077446615270457,0.2157418320590944,0.1824732660454017,0.093721958252878,0.77432775,0.1173779851504624,-0.0258076024433916,0.0872350018187449,2
PB,B087,EH,33.4955,-116.602667,1139.0,500.0,manual,0.55,17.280000686645508,1790.0,manual,0.53,ci10278001,2007-09-09 15:14:55.650000,,32.7686667,-117.3333333,0.14,255.0,0.47,9.56,0.72,1.7,ml,CI,,0.9494,105.58,219.9,3199.0,2007-09-09 15:15:07.930000,earthquake_local,B087.PB_20070909151506_EV,20.0,19.700000762939453,18.89999961853028,19.53333346048991,9.566914417268162,69.21039581298828,7.234348797775841,6.131824108863439,-0.029681304173215,0.2340390065010835,15.414315787841076,8.51511234691138,5.8570224693802535,3.95,9.487506923486082,0.3214135748539294,0.3205020656873199,0.3199695108691308,0.0379083257630501,10.050350941422955,67.72373962402344,6.738445256164848,5.520974705830115,0.0853664913325213,0.2218703117186197,14.696021081997856,7.719956881129059,5.791846216987059,2.3666666666666667,9.321768259059988,0.357023843021905,0.3645967951877005,0.248319597631314,0.029795512417605,10.5505766482414,97.87828063964844,9.27705507508569,5.864774576543519,0.4141204142334485,0.2247041173528921,15.666168043997306,9.161702809397433,6.508855316916074,3.183333333333333,9.596203149780782,0.3623413482142534,0.2158674896978738,0.3724396507278272,0.0492586547928731,0.76036286,0.2523068137998987,-0.0876046551972352,0.0311904909727243,2
PB,B087,EH,33.4955,-116.602667,1139.0,500.0,manual,0.53,17.540000915527344,1768.0,manual,0.53,ci10278117,2007-09-10 04:35:26.510000,,32.7613333,-117.342,0.12,258.0,0.52,10.6,0.72,1.96,ml,CI,,0.9597,106.72,219.9,3199.0,2007-09-10 04:35:39.050000,earthquake_local,B087.PB_20070910043538_EV,25.5,25.0,22.100000381469727,24.20000012715657,14.128012257306525,106.1333999633789,7.512266979276604,7.565371870555598,-0.0683458369060967,0.2158693115519253,16.210058981659493,7.618348610234594,5.486233192341099,2.45,9.357393766135516,0.3705428030012815,0.3706978459484436,0.2268975961194434,0.0317661038481533,14.511019349860456,107.71236419677734,7.422797916523566,7.796901569609712,-0.0136206787963544,0.2022003667277879,19.369663623530805,6.498996247755157,5.335687311634571,1.5666666666666669,9.07972693403921,0.4371250530925222,0.3705916369036427,0.1702047143494663,0.0219511674231039,14.285070504508516,109.35687255859376,7.655326063954643,6.8982657088957335,-0.009552770821197,0.2157026171028504,20.085578518746456,8.411027597145202,6.176735422461986,1.5,9.52310851469254,0.3851858221268024,0.2835807085683117,0.2892596373985945,0.0418769332308408,0.70534277,0.1670744864428721,-0.059233991223818,-0.0822504315165902,2
PB,B087,EH,33.4955,-116.602667,1139.0,800.0,manual,0.57,17.229999542236328,2050.0,manual,0.52,ci10278573,2007-09-10 23:23:32.800000,,32.7706667,-117.3261667,0.11,255.0,0.43,10.15,0.52,2.18,ml,CI,,0.944,104.98,219.7,3199.0,2007-09-10 23:23:42.030000,earthquake_local,B087.PB_20070910232341_EV,25.799999237060547,23.799999237060547,25.600000381469727,25.06666628519694,21.783248782362755,151.00340270996094,6.932088239850792,5.470485068961777,0.3698017033050929,0.1833638939823303,8.315697361966329,7.151595841812643,4.4773382536462005,2.1666666666666665,9.008309646563912,0.3452488929759372,0.4299696320951808,0.2069513228355977,0.0177766839155643,21.091289791953635,147.42941284179688,6.990061503874527,5.232844994431639,-0.2491491213875965,0.174029004834139,6.653709561060497,6.752326038852439,4.306365954298025,2.2333333333333334,9.044067264149032,0.3444009314619374,0.4737326770011868,0.1692405682871651,0.012543257221905,21.976061886528445,131.4668426513672,5.982274864813597,4.751825337591391,0.164438524505093,0.1803633938989831,8.038714824905512,6.886391458997967,4.947563290527941,4.0,9.057577076752615,0.4577542454001082,0.3129389757355376,0.2047854163407772,0.0244646328108713,0.72478443,0.3223152850193907,-0.1222667253982862,-0.0628259290259986,2
PB,B087,EH,33.4955,-116.602667,1139.0,400.0,manual,0.65,7.489999771118164,904.0,manual,0.58,ci10279953,2007-09-13 13:11:07.590000,,33.114,-116.6081667,0.2,42.0,0.3,14.96,0.41,2.03,ml,CI,,0.3805,42.32,180.7,1517.0,2007-09-13 13:11:11.080000,earthquake_local,B087.PB_20070913131110_EV,40.5,49.79999923706055,45.09999847412109,45.13333257039388,77.1925979321457,1193.3629150390625,15.459551135823403,63.80163707557348,-0.3246161819331353,0.2253708951491915,891.5779310544037,10.465678778819854,6.665152338996689,2.6166666666666667,9.803662524944228,0.2544024208918104,0.2412176485559323,0.4040180514679912,0.1003577889196549,83.12402306280234,1777.1785888671875,21.379843315866506,130.44279181450568,3.926500742794887,0.2288714785797632,1057.1207393293312,8.69677268899474,3.8778175989264265,8.083333333333334,9.00601634457159,0.0885689275013584,0.6829197687807178,0.2062299555502643,0.0222765240756953,81.081638639132,1415.1688232421875,17.453628799248172,62.8759533663337,2.021317711720413,0.225870978496416,912.0041267211255,11.082021829847102,6.143844191679235,10.8,9.895584362137038,0.1977258014070206,0.2433658934037283,0.4842622895878108,0.0746424634564035,0.71476275,0.2356854925009622,-0.1150625235153782,-0.0828569986332446,2
PB,B087,EH,33.4955,-116.602667,1139.0,800.0,manual,0.0,16.8799991607666,1952.0,manual,0.56,ci10280509,2007-09-14 18:40:16.770000,,32.6853333,-116.1003333,0.27,83.0,0.32,9.76,0.65,1.85,ml,CI,,0.9114,101.35,152.7,2876.0,2007-09-14 18:40:25.650000,earthquake_local,B087.PB_20070914184024_EV,22.39999961853028,21.700000762939453,20.100000381469727,21.400000254313152,14.126106108073616,110.90951538085938,7.851386258345482,11.051765078343,-0.0190940962160255,0.2543757292882147,8.920084006571255,9.375517623898258,6.68696284990105,2.35,9.495870416661194,0.3181139615219521,0.280151451372681,0.3370424937473246,0.0645119455805372,13.730952416915796,172.77828979492188,12.583124939102426,19.51561431625121,-0.573273354284657,0.2450408401400233,3.5995229850816286,8.991665425417525,5.7916009275239695,7.383333333333333,9.55880161302979,0.2087473470508447,0.4900026497886487,0.2540696234868055,0.046871589586189,13.698576292891048,119.4595718383789,8.72058302149057,6.841539544773628,0.0969551583969475,0.2463743957326221,10.290650858046746,11.188971218018509,6.989347985695698,3.75,9.775120673623164,0.27051569986354,0.1694465566520486,0.4708542536698293,0.0890444939289877,0.6953628,0.1830627732549467,-0.0181281526263509,0.0383262874546852,2
